id	supported by	compatible with	conflicts with	is trivial in
mrcaott101864ott1014995				node ott621604 for https://tree.opentreeoflife.org/curator/study/view/ot_526/?tab=trees&tree=Tr91777
mrcaott101864ott1014995	node node50 for https://tree.opentreeoflife.org/curator/study/view/ot_627/?tab=trees&tree=tree1			
mrcaott101864ott621604				node ott621604 for https://tree.opentreeoflife.org/curator/study/view/ot_526/?tab=trees&tree=Tr91777
mrcaott101864ott621604	node node54 for https://tree.opentreeoflife.org/curator/study/view/ot_627/?tab=trees&tree=tree1			
mrcaott1057299ott1057301	node Tn13587350 for https://tree.opentreeoflife.org/curator/study/view/ot_526/?tab=trees&tree=Tr91777			
mrcaott1057299ott1057303	node Tn13587307 for https://tree.opentreeoflife.org/curator/study/view/ot_526/?tab=trees&tree=Tr91777			
mrcaott1057303ott1057305	node Tn13587425 for https://tree.opentreeoflife.org/curator/study/view/ot_526/?tab=trees&tree=Tr91777			
mrcaott108974ott122073	node node10 for https://tree.opentreeoflife.org/curator/study/view/ot_635/?tab=trees&tree=tree1			
mrcaott108974ott122087	node node8 for https://tree.opentreeoflife.org/curator/study/view/ot_635/?tab=trees&tree=tree1			
mrcaott113061ott343456	node Tn13587512 for https://tree.opentreeoflife.org/curator/study/view/ot_526/?tab=trees&tree=Tr91777			
mrcaott113061ott343456	node Tn8979939 for https://tree.opentreeoflife.org/curator/study/view/ot_595/?tab=trees&tree=Tr53782			
mrcaott11359ott22071				node ott284531 for https://tree.opentreeoflife.org/curator/study/view/ot_526/?tab=trees&tree=Tr91777
mrcaott11359ott22071	node node20 for https://tree.opentreeoflife.org/curator/study/view/ot_633/?tab=trees&tree=tree2			
mrcaott122073ott536084	node node12 for https://tree.opentreeoflife.org/curator/study/view/ot_635/?tab=trees&tree=tree1			
mrcaott125505ott215094	node Tn13587422 for https://tree.opentreeoflife.org/curator/study/view/ot_526/?tab=trees&tree=Tr91777			
mrcaott125505ott415375	node Tn13587433 for https://tree.opentreeoflife.org/curator/study/view/ot_526/?tab=trees&tree=Tr91777			
mrcaott125505ott874760	node Tn13587420 for https://tree.opentreeoflife.org/curator/study/view/ot_526/?tab=trees&tree=Tr91777			
mrcaott13190ott3623954	node node191 for https://tree.opentreeoflife.org/curator/study/view/ot_575/?tab=trees&tree=tree3			
mrcaott13190ott3623955	node node189 for https://tree.opentreeoflife.org/curator/study/view/ot_575/?tab=trees&tree=tree3			
mrcaott13190ott3623956	node node198 for https://tree.opentreeoflife.org/curator/study/view/ot_575/?tab=trees&tree=tree3			
mrcaott13190ott3623960	node node196 for https://tree.opentreeoflife.org/curator/study/view/ot_575/?tab=trees&tree=tree3			
mrcaott13190ott3623963	node node187 for https://tree.opentreeoflife.org/curator/study/view/ot_575/?tab=trees&tree=tree3			
mrcaott13190ott3623966	node node194 for https://tree.opentreeoflife.org/curator/study/view/ot_575/?tab=trees&tree=tree3			
mrcaott13190ott3624213		node Tn13587500 for https://tree.opentreeoflife.org/curator/study/view/ot_526/?tab=trees&tree=Tr91777		
mrcaott13190ott3624213	node node159 for https://tree.opentreeoflife.org/curator/study/view/ot_575/?tab=trees&tree=tree3			
mrcaott13190ott3624294		node Tn13587500 for https://tree.opentreeoflife.org/curator/study/view/ot_526/?tab=trees&tree=Tr91777		
mrcaott13190ott3624294	node node169 for https://tree.opentreeoflife.org/curator/study/view/ot_575/?tab=trees&tree=tree3			
mrcaott13190ott693120		node Tn13587500 for https://tree.opentreeoflife.org/curator/study/view/ot_526/?tab=trees&tree=Tr91777		
mrcaott13190ott693120	node node151 for https://tree.opentreeoflife.org/curator/study/view/ot_575/?tab=trees&tree=tree3			
mrcaott139643ott3624005				node ott139643 for https://tree.opentreeoflife.org/curator/study/view/ot_526/?tab=trees&tree=Tr91777
mrcaott139643ott3624005	node node57 for https://tree.opentreeoflife.org/curator/study/view/ot_627/?tab=trees&tree=tree1			
mrcaott144212ott277161	node node22 for https://tree.opentreeoflife.org/curator/study/view/ot_635/?tab=trees&tree=tree1			
mrcaott144212ott950003	node node26 for https://tree.opentreeoflife.org/curator/study/view/ot_635/?tab=trees&tree=tree1			
mrcaott144212ott952540	node node20 for https://tree.opentreeoflife.org/curator/study/view/ot_635/?tab=trees&tree=tree1			
mrcaott165949ott3623544				node ott791207 for https://tree.opentreeoflife.org/curator/study/view/ot_526/?tab=trees&tree=Tr91777
mrcaott165949ott3623544	node Tn8987704 for https://tree.opentreeoflife.org/curator/study/view/ot_591/?tab=trees&tree=Tr53870			
mrcaott165949ott3623552				node ott791207 for https://tree.opentreeoflife.org/curator/study/view/ot_526/?tab=trees&tree=Tr91777
mrcaott165949ott3623552	node Tn8987698 for https://tree.opentreeoflife.org/curator/study/view/ot_591/?tab=trees&tree=Tr53870			
mrcaott165949ott3623573				node ott791207 for https://tree.opentreeoflife.org/curator/study/view/ot_526/?tab=trees&tree=Tr91777
mrcaott165949ott3623573	node Tn8987715 for https://tree.opentreeoflife.org/curator/study/view/ot_591/?tab=trees&tree=Tr53870			
mrcaott165949ott532334				node ott791207 for https://tree.opentreeoflife.org/curator/study/view/ot_526/?tab=trees&tree=Tr91777
mrcaott165949ott532334	node Tn8987701 for https://tree.opentreeoflife.org/curator/study/view/ot_591/?tab=trees&tree=Tr53870			
mrcaott165949ott740542				node ott791207 for https://tree.opentreeoflife.org/curator/study/view/ot_526/?tab=trees&tree=Tr91777
mrcaott165949ott740542	node Tn8987717 for https://tree.opentreeoflife.org/curator/study/view/ot_591/?tab=trees&tree=Tr53870			
mrcaott165953ott3623574	node Tn8987734 for https://tree.opentreeoflife.org/curator/study/view/ot_591/?tab=trees&tree=Tr53870			
mrcaott165953ott839745	node Tn8987699 for https://tree.opentreeoflife.org/curator/study/view/ot_591/?tab=trees&tree=Tr53870			
mrcaott165958ott3623472		node Tn8987758 for https://tree.opentreeoflife.org/curator/study/view/ot_591/?tab=trees&tree=Tr53870		
mrcaott165958ott3623472	node node15 for https://tree.opentreeoflife.org/curator/study/view/ot_589/?tab=trees&tree=tree1			
mrcaott165958ott3623481		node Tn8987758 for https://tree.opentreeoflife.org/curator/study/view/ot_591/?tab=trees&tree=Tr53870		
mrcaott165958ott3623481	node node20 for https://tree.opentreeoflife.org/curator/study/view/ot_589/?tab=trees&tree=tree1			
mrcaott165958ott3623482		node Tn8987758 for https://tree.opentreeoflife.org/curator/study/view/ot_591/?tab=trees&tree=Tr53870		
mrcaott165958ott3623482	node node13 for https://tree.opentreeoflife.org/curator/study/view/ot_589/?tab=trees&tree=tree1			
mrcaott179932ott290433	node Tn13587440 for https://tree.opentreeoflife.org/curator/study/view/ot_526/?tab=trees&tree=Tr91777			
mrcaott184768ott228101	node Tn13587370 for https://tree.opentreeoflife.org/curator/study/view/ot_526/?tab=trees&tree=Tr91777			
mrcaott194065ott297548	node Tn13587520 for https://tree.opentreeoflife.org/curator/study/view/ot_526/?tab=trees&tree=Tr91777			
mrcaott203412ott475461				node ott582523 for https://tree.opentreeoflife.org/curator/study/view/ot_526/?tab=trees&tree=Tr91777
mrcaott203412ott475461	node node13 for https://tree.opentreeoflife.org/curator/study/view/ot_590/?tab=trees&tree=tree1			
mrcaott205351ott244030				node ott1090792 for https://tree.opentreeoflife.org/curator/study/view/ot_526/?tab=trees&tree=Tr91777
mrcaott205351ott244030	node node16 for https://tree.opentreeoflife.org/curator/study/view/ot_594/?tab=trees&tree=tree1			
mrcaott205351ott343324	node node52 for https://tree.opentreeoflife.org/curator/study/view/ot_594/?tab=trees&tree=tree1			
mrcaott205351ott3624062	node node121 for https://tree.opentreeoflife.org/curator/study/view/ot_594/?tab=trees&tree=tree1			
mrcaott205351ott3624151	node node113 for https://tree.opentreeoflife.org/curator/study/view/ot_594/?tab=trees&tree=tree1			
mrcaott205351ott392179	node node33 for https://tree.opentreeoflife.org/curator/study/view/ot_594/?tab=trees&tree=tree1			
mrcaott205351ott502078	node Tn13587449 for https://tree.opentreeoflife.org/curator/study/view/ot_526/?tab=trees&tree=Tr91777			
mrcaott215094ott531347	node Tn13587456 for https://tree.opentreeoflife.org/curator/study/view/ot_526/?tab=trees&tree=Tr91777			
mrcaott215099ott216459	node Tn8979948 for https://tree.opentreeoflife.org/curator/study/view/ot_595/?tab=trees&tree=Tr53782			
mrcaott215102ott922059	node Tn13587365 for https://tree.opentreeoflife.org/curator/study/view/ot_526/?tab=trees&tree=Tr91777			
mrcaott215103ott3623949		node Tn13587500 for https://tree.opentreeoflife.org/curator/study/view/ot_526/?tab=trees&tree=Tr91777		
mrcaott215103ott3623949	node node176 for https://tree.opentreeoflife.org/curator/study/view/ot_575/?tab=trees&tree=tree3			
mrcaott215103ott3623952		node Tn13587500 for https://tree.opentreeoflife.org/curator/study/view/ot_526/?tab=trees&tree=Tr91777		
mrcaott215103ott3623952	node node178 for https://tree.opentreeoflife.org/curator/study/view/ot_575/?tab=trees&tree=tree3			
mrcaott215103ott3623957		node Tn13587500 for https://tree.opentreeoflife.org/curator/study/view/ot_526/?tab=trees&tree=Tr91777		
mrcaott215103ott3623957	node node174 for https://tree.opentreeoflife.org/curator/study/view/ot_575/?tab=trees&tree=tree3			
mrcaott215103ott3623959		node Tn13587500 for https://tree.opentreeoflife.org/curator/study/view/ot_526/?tab=trees&tree=Tr91777		
mrcaott215103ott3623959	node node182 for https://tree.opentreeoflife.org/curator/study/view/ot_575/?tab=trees&tree=tree3			
mrcaott215103ott3623965		node Tn13587500 for https://tree.opentreeoflife.org/curator/study/view/ot_526/?tab=trees&tree=Tr91777		
mrcaott215103ott3623965	node node180 for https://tree.opentreeoflife.org/curator/study/view/ot_575/?tab=trees&tree=tree3			
mrcaott215103ott650090		node Tn13587500 for https://tree.opentreeoflife.org/curator/study/view/ot_526/?tab=trees&tree=Tr91777		
mrcaott215103ott650090	node node184 for https://tree.opentreeoflife.org/curator/study/view/ot_575/?tab=trees&tree=tree3			
mrcaott216459ott3624220	node Tn8979941 for https://tree.opentreeoflife.org/curator/study/view/ot_595/?tab=trees&tree=Tr53782			
mrcaott22071ott73902	node node22 for https://tree.opentreeoflife.org/curator/study/view/ot_633/?tab=trees&tree=tree2			
mrcaott2356ott119574			node node13 for https://tree.opentreeoflife.org/curator/study/view/ot_631/?tab=trees&tree=tree1	
mrcaott2356ott119574	node Tn13587451 for https://tree.opentreeoflife.org/curator/study/view/ot_526/?tab=trees&tree=Tr91777			
mrcaott2356ott23770			node node13 for https://tree.opentreeoflife.org/curator/study/view/ot_631/?tab=trees&tree=tree1	
mrcaott2356ott23770	node Tn13587310 for https://tree.opentreeoflife.org/curator/study/view/ot_526/?tab=trees&tree=Tr91777			
mrcaott23767ott203412		node Tn13587521 for https://tree.opentreeoflife.org/curator/study/view/ot_526/?tab=trees&tree=Tr91777		
mrcaott23767ott203412	node node12 for https://tree.opentreeoflife.org/curator/study/view/ot_590/?tab=trees&tree=tree1			
mrcaott23767ott444259	node Tn13587474 for https://tree.opentreeoflife.org/curator/study/view/ot_526/?tab=trees&tree=Tr91777			
mrcaott23767ott444259	node node16 for https://tree.opentreeoflife.org/curator/study/view/ot_590/?tab=trees&tree=tree1			
mrcaott23767ott55613		node Tn13587521 for https://tree.opentreeoflife.org/curator/study/view/ot_526/?tab=trees&tree=Tr91777		
mrcaott23767ott55613	node node9 for https://tree.opentreeoflife.org/curator/study/view/ot_590/?tab=trees&tree=tree1			
mrcaott23770ott26922	node Tn13587366 for https://tree.opentreeoflife.org/curator/study/view/ot_526/?tab=trees&tree=Tr91777			
mrcaott23770ott45425	node Tn13587481 for https://tree.opentreeoflife.org/curator/study/view/ot_526/?tab=trees&tree=Tr91777			
mrcaott23770ott61502	node Tn13587492 for https://tree.opentreeoflife.org/curator/study/view/ot_526/?tab=trees&tree=Tr91777			
mrcaott244030ott263395				node ott1090792 for https://tree.opentreeoflife.org/curator/study/view/ot_526/?tab=trees&tree=Tr91777
mrcaott244030ott263395	node node21 for https://tree.opentreeoflife.org/curator/study/view/ot_594/?tab=trees&tree=tree1			
mrcaott244030ott497013				node ott1090792 for https://tree.opentreeoflife.org/curator/study/view/ot_526/?tab=trees&tree=Tr91777
mrcaott244030ott497013	node node19 for https://tree.opentreeoflife.org/curator/study/view/ot_594/?tab=trees&tree=tree1			
mrcaott261879ott341161	node Tn8968575 for https://tree.opentreeoflife.org/curator/study/view/ot_625/?tab=trees&tree=Tr53737			
mrcaott261879ott516685	node Tn8968609 for https://tree.opentreeoflife.org/curator/study/view/ot_625/?tab=trees&tree=Tr53737			
mrcaott261879ott671069	node Tn8968600 for https://tree.opentreeoflife.org/curator/study/view/ot_625/?tab=trees&tree=Tr53737			
mrcaott261879ott671072	node Tn8968595 for https://tree.opentreeoflife.org/curator/study/view/ot_625/?tab=trees&tree=Tr53737			
mrcaott267798ott267803	node Tn13587429 for https://tree.opentreeoflife.org/curator/study/view/ot_526/?tab=trees&tree=Tr91777			
mrcaott26923ott101864			node node22 for https://tree.opentreeoflife.org/curator/study/view/ot_627/?tab=trees&tree=tree1	
mrcaott26923ott101864			node node24 for https://tree.opentreeoflife.org/curator/study/view/ot_627/?tab=trees&tree=tree1	
mrcaott26923ott101864			node node49 for https://tree.opentreeoflife.org/curator/study/view/ot_627/?tab=trees&tree=tree1	
mrcaott26923ott101864	node Tn13587461 for https://tree.opentreeoflife.org/curator/study/view/ot_526/?tab=trees&tree=Tr91777			
mrcaott26923ott261881	node Tn13587458 for https://tree.opentreeoflife.org/curator/study/view/ot_526/?tab=trees&tree=Tr91777			
mrcaott277161ott549971	node node23 for https://tree.opentreeoflife.org/curator/study/view/ot_635/?tab=trees&tree=tree1			
mrcaott30860ott184765	node Tn13587400 for https://tree.opentreeoflife.org/curator/study/view/ot_526/?tab=trees&tree=Tr91777			
mrcaott315256ott343448				node ott315256 for https://tree.opentreeoflife.org/curator/study/view/ot_526/?tab=trees&tree=Tr91777
mrcaott315256ott343448	node node8 for https://tree.opentreeoflife.org/curator/study/view/ot_631/?tab=trees&tree=tree1			
mrcaott315256ott693721				node ott315256 for https://tree.opentreeoflife.org/curator/study/view/ot_526/?tab=trees&tree=Tr91777
mrcaott315256ott693721	node node10 for https://tree.opentreeoflife.org/curator/study/view/ot_631/?tab=trees&tree=tree1			
mrcaott3261ott186917	node Tn13587505 for https://tree.opentreeoflife.org/curator/study/view/ot_526/?tab=trees&tree=Tr91777			
mrcaott3261ott319736	node Tn13587442 for https://tree.opentreeoflife.org/curator/study/view/ot_526/?tab=trees&tree=Tr91777			
mrcaott3261ott50908			node node13 for https://tree.opentreeoflife.org/curator/study/view/ot_631/?tab=trees&tree=tree1	
mrcaott3261ott50908			node node27 for https://tree.opentreeoflife.org/curator/study/view/ot_631/?tab=trees&tree=tree1	
mrcaott3261ott50908			node node5 for https://tree.opentreeoflife.org/curator/study/view/ot_631/?tab=trees&tree=tree1	
mrcaott3261ott50908	node Tn13587439 for https://tree.opentreeoflife.org/curator/study/view/ot_526/?tab=trees&tree=Tr91777			
mrcaott3261ott50908	node Tn8979931 for https://tree.opentreeoflife.org/curator/study/view/ot_595/?tab=trees&tree=Tr53782			
mrcaott3261ott9875	node Tn13587480 for https://tree.opentreeoflife.org/curator/study/view/ot_526/?tab=trees&tree=Tr91777			
mrcaott3261ott9881	node Tn13587472 for https://tree.opentreeoflife.org/curator/study/view/ot_526/?tab=trees&tree=Tr91777			
mrcaott341161ott782163	node Tn8968561 for https://tree.opentreeoflife.org/curator/study/view/ot_625/?tab=trees&tree=Tr53737			
mrcaott341161ott904307	node Tn8968572 for https://tree.opentreeoflife.org/curator/study/view/ot_625/?tab=trees&tree=Tr53737			
mrcaott343454ott421562	node node19 for https://tree.opentreeoflife.org/curator/study/view/ot_631/?tab=trees&tree=tree1			
mrcaott343454ott918537	node node17 for https://tree.opentreeoflife.org/curator/study/view/ot_631/?tab=trees&tree=tree1			
mrcaott343456ott3624246				node ott343456 for https://tree.opentreeoflife.org/curator/study/view/ot_526/?tab=trees&tree=Tr91777
mrcaott343456ott3624246	node Tn8979945 for https://tree.opentreeoflife.org/curator/study/view/ot_595/?tab=trees&tree=Tr53782			
mrcaott343933ott1070414	node node27 for https://tree.opentreeoflife.org/curator/study/view/ot_627/?tab=trees&tree=tree1			
mrcaott343933ott1070418	node node31 for https://tree.opentreeoflife.org/curator/study/view/ot_627/?tab=trees&tree=tree1			
mrcaott343933ott976194	node node29 for https://tree.opentreeoflife.org/curator/study/view/ot_627/?tab=trees&tree=tree1			
mrcaott343941ott362803				node ott804481 for https://tree.opentreeoflife.org/curator/study/view/ot_526/?tab=trees&tree=Tr91777
mrcaott343941ott362803	node node39 for https://tree.opentreeoflife.org/curator/study/view/ot_627/?tab=trees&tree=tree1			
mrcaott343941ott804481				node ott804481 for https://tree.opentreeoflife.org/curator/study/view/ot_526/?tab=trees&tree=Tr91777
mrcaott343941ott804481	node node43 for https://tree.opentreeoflife.org/curator/study/view/ot_627/?tab=trees&tree=tree1			
mrcaott3623457ott3623465	node Tn8968598 for https://tree.opentreeoflife.org/curator/study/view/ot_625/?tab=trees&tree=Tr53737			
mrcaott3623472ott3623475	node node17 for https://tree.opentreeoflife.org/curator/study/view/ot_589/?tab=trees&tree=tree1			
mrcaott3623485ott3623488	node node24 for https://tree.opentreeoflife.org/curator/study/view/ot_589/?tab=trees&tree=tree1			
mrcaott3623544ott3623550	node Tn8987751 for https://tree.opentreeoflife.org/curator/study/view/ot_591/?tab=trees&tree=Tr53870			
mrcaott3623544ott3623568	node Tn8987705 for https://tree.opentreeoflife.org/curator/study/view/ot_591/?tab=trees&tree=Tr53870			
mrcaott3623544ott3623570	node Tn8987727 for https://tree.opentreeoflife.org/curator/study/view/ot_591/?tab=trees&tree=Tr53870			
mrcaott3624058ott3624075	node node81 for https://tree.opentreeoflife.org/curator/study/view/ot_594/?tab=trees&tree=tree1			
mrcaott3624060ott3624157	node node93 for https://tree.opentreeoflife.org/curator/study/view/ot_594/?tab=trees&tree=tree1			
mrcaott3624060ott3624207	node node97 for https://tree.opentreeoflife.org/curator/study/view/ot_594/?tab=trees&tree=tree1			
mrcaott3624060ott3624264	node node98 for https://tree.opentreeoflife.org/curator/study/view/ot_594/?tab=trees&tree=tree1			
mrcaott3624062ott3624064	node node128 for https://tree.opentreeoflife.org/curator/study/view/ot_594/?tab=trees&tree=tree1			
mrcaott3624062ott3624076	node node126 for https://tree.opentreeoflife.org/curator/study/view/ot_594/?tab=trees&tree=tree1			
mrcaott3624075ott3624077	node node86 for https://tree.opentreeoflife.org/curator/study/view/ot_594/?tab=trees&tree=tree1			
mrcaott3624151ott3624319	node node114 for https://tree.opentreeoflife.org/curator/study/view/ot_594/?tab=trees&tree=tree1			
mrcaott3624157ott3624158	node node94 for https://tree.opentreeoflife.org/curator/study/view/ot_594/?tab=trees&tree=tree1			
mrcaott3624162ott3624296	node node65 for https://tree.opentreeoflife.org/curator/study/view/ot_594/?tab=trees&tree=tree1			
mrcaott3624213ott3624254	node node162 for https://tree.opentreeoflife.org/curator/study/view/ot_575/?tab=trees&tree=tree3			
mrcaott3624213ott3624255	node node164 for https://tree.opentreeoflife.org/curator/study/view/ot_575/?tab=trees&tree=tree3			
mrcaott3624220ott3624225	node Tn8979944 for https://tree.opentreeoflife.org/curator/study/view/ot_595/?tab=trees&tree=Tr53782			
mrcaott3624246ott3624293	node Tn8979959 for https://tree.opentreeoflife.org/curator/study/view/ot_595/?tab=trees&tree=Tr53782			
mrcaott3624255ott3624280	node node166 for https://tree.opentreeoflife.org/curator/study/view/ot_575/?tab=trees&tree=tree3			
mrcaott3624282ott3624284	node node26 for https://tree.opentreeoflife.org/curator/study/view/ot_594/?tab=trees&tree=tree1			
mrcaott3624283ott3624322	node node29 for https://tree.opentreeoflife.org/curator/study/view/ot_594/?tab=trees&tree=tree1			
mrcaott362799ott645295	node node7 for https://tree.opentreeoflife.org/curator/study/view/ot_627/?tab=trees&tree=tree1			
mrcaott392179ott392185	node node34 for https://tree.opentreeoflife.org/curator/study/view/ot_594/?tab=trees&tree=tree1			
mrcaott392179ott703861	node node45 for https://tree.opentreeoflife.org/curator/study/view/ot_594/?tab=trees&tree=tree1			
mrcaott392185ott3624267	node node36 for https://tree.opentreeoflife.org/curator/study/view/ot_594/?tab=trees&tree=tree1			
mrcaott392185ott3624310	node node37 for https://tree.opentreeoflife.org/curator/study/view/ot_594/?tab=trees&tree=tree1			
mrcaott415375ott619414	node Tn13587386 for https://tree.opentreeoflife.org/curator/study/view/ot_526/?tab=trees&tree=Tr91777			
mrcaott45425ott61491	node Tn13587507 for https://tree.opentreeoflife.org/curator/study/view/ot_526/?tab=trees&tree=Tr91777			
mrcaott467693ott3624152	node node73 for https://tree.opentreeoflife.org/curator/study/view/ot_594/?tab=trees&tree=tree1			
mrcaott467693ott3624153	node node76 for https://tree.opentreeoflife.org/curator/study/view/ot_594/?tab=trees&tree=tree1			
mrcaott50908ott113061	node Tn13587354 for https://tree.opentreeoflife.org/curator/study/view/ot_526/?tab=trees&tree=Tr91777			
mrcaott50908ott113061	node Tn8979930 for https://tree.opentreeoflife.org/curator/study/view/ot_595/?tab=trees&tree=Tr53782			
mrcaott50908ott90511	node Tn13587493 for https://tree.opentreeoflife.org/curator/study/view/ot_526/?tab=trees&tree=Tr91777			
mrcaott516685ott804549	node Tn8968585 for https://tree.opentreeoflife.org/curator/study/view/ot_625/?tab=trees&tree=Tr53737			
mrcaott52809ott129839	node Tn13587330 for https://tree.opentreeoflife.org/curator/study/view/ot_526/?tab=trees&tree=Tr91777			
mrcaott531339ott531342	node Tn13587408 for https://tree.opentreeoflife.org/curator/study/view/ot_526/?tab=trees&tree=Tr91777			
mrcaott532334ott671060				node ott791207 for https://tree.opentreeoflife.org/curator/study/view/ot_526/?tab=trees&tree=Tr91777
mrcaott532334ott671060	node Tn8987720 for https://tree.opentreeoflife.org/curator/study/view/ot_591/?tab=trees&tree=Tr53870			
mrcaott532334ott791207				node ott791207 for https://tree.opentreeoflife.org/curator/study/view/ot_526/?tab=trees&tree=Tr91777
mrcaott532334ott791207	node Tn8987729 for https://tree.opentreeoflife.org/curator/study/view/ot_591/?tab=trees&tree=Tr53870			
mrcaott53826ott215091	node Tn13587358 for https://tree.opentreeoflife.org/curator/study/view/ot_526/?tab=trees&tree=Tr91777			
mrcaott544761ott582524				node ott582524 for https://tree.opentreeoflife.org/curator/study/view/ot_526/?tab=trees&tree=Tr91777
mrcaott544761ott582524	node node32 for https://tree.opentreeoflife.org/curator/study/view/ot_590/?tab=trees&tree=tree1			
mrcaott54944ott168395	node Tn13587486 for https://tree.opentreeoflife.org/curator/study/view/ot_526/?tab=trees&tree=Tr91777			
mrcaott56579ott926781	node Tn13587349 for https://tree.opentreeoflife.org/curator/study/view/ot_526/?tab=trees&tree=Tr91777			
mrcaott61484ott641163	node node37 for https://tree.opentreeoflife.org/curator/study/view/ot_631/?tab=trees&tree=tree1			
mrcaott61484ott96812	node node35 for https://tree.opentreeoflife.org/curator/study/view/ot_631/?tab=trees&tree=tree1			
mrcaott61484ott96818	node node31 for https://tree.opentreeoflife.org/curator/study/view/ot_631/?tab=trees&tree=tree1			
mrcaott61486ott261879		node node2 for https://tree.opentreeoflife.org/curator/study/view/ot_631/?tab=trees&tree=tree1		
mrcaott61486ott261879	node Tn8968574 for https://tree.opentreeoflife.org/curator/study/view/ot_625/?tab=trees&tree=Tr53737			
mrcaott61486ott467695			node node13 for https://tree.opentreeoflife.org/curator/study/view/ot_631/?tab=trees&tree=tree1	
mrcaott61486ott467695			node node27 for https://tree.opentreeoflife.org/curator/study/view/ot_631/?tab=trees&tree=tree1	
mrcaott61486ott467695			node node5 for https://tree.opentreeoflife.org/curator/study/view/ot_631/?tab=trees&tree=tree1	
mrcaott61486ott467695	node Tn8979935 for https://tree.opentreeoflife.org/curator/study/view/ot_595/?tab=trees&tree=Tr53782			
mrcaott61487ott583421	node Tn13587402 for https://tree.opentreeoflife.org/curator/study/view/ot_526/?tab=trees&tree=Tr91777			
mrcaott619414ott1057296	node Tn13587344 for https://tree.opentreeoflife.org/curator/study/view/ot_526/?tab=trees&tree=Tr91777			
mrcaott619744ott3623490	node node33 for https://tree.opentreeoflife.org/curator/study/view/ot_589/?tab=trees&tree=tree1			
mrcaott6225ott1074074	node Tn13587351 for https://tree.opentreeoflife.org/curator/study/view/ot_526/?tab=trees&tree=Tr91777			
mrcaott6225ott9152	node Tn13587514 for https://tree.opentreeoflife.org/curator/study/view/ot_526/?tab=trees&tree=Tr91777			
mrcaott671072ott671080	node Tn8968614 for https://tree.opentreeoflife.org/curator/study/view/ot_625/?tab=trees&tree=Tr53737			
mrcaott701523ott759346				node ott701523 for https://tree.opentreeoflife.org/curator/study/view/ot_526/?tab=trees&tree=Tr91777
mrcaott701523ott759346	node node12 for https://tree.opentreeoflife.org/curator/study/view/ot_627/?tab=trees&tree=tree1			
mrcaott801ott113063	node Tn13587313 for https://tree.opentreeoflife.org/curator/study/view/ot_526/?tab=trees&tree=Tr91777			
mrcaott801ott2356			node node13 for https://tree.opentreeoflife.org/curator/study/view/ot_631/?tab=trees&tree=tree1	
mrcaott801ott2356	node Tn13587362 for https://tree.opentreeoflife.org/curator/study/view/ot_526/?tab=trees&tree=Tr91777			
mrcaott801ott30860	node Tn13587503 for https://tree.opentreeoflife.org/curator/study/view/ot_526/?tab=trees&tree=Tr91777			
mrcaott801ott3261			node node13 for https://tree.opentreeoflife.org/curator/study/view/ot_631/?tab=trees&tree=tree1	
mrcaott801ott3261			node node27 for https://tree.opentreeoflife.org/curator/study/view/ot_631/?tab=trees&tree=tree1	
mrcaott801ott3261			node node5 for https://tree.opentreeoflife.org/curator/study/view/ot_631/?tab=trees&tree=tree1	
mrcaott801ott3261	node Tn13587377 for https://tree.opentreeoflife.org/curator/study/view/ot_526/?tab=trees&tree=Tr91777			
mrcaott801ott3261	node Tn8979934 for https://tree.opentreeoflife.org/curator/study/view/ot_595/?tab=trees&tree=Tr53782			
mrcaott801ott634728	node Tn13587470 for https://tree.opentreeoflife.org/curator/study/view/ot_526/?tab=trees&tree=Tr91777			
mrcaott801ott9887	node Tn13587306 for https://tree.opentreeoflife.org/curator/study/view/ot_526/?tab=trees&tree=Tr91777			
mrcaott874760ott1057299	node Tn13587393 for https://tree.opentreeoflife.org/curator/study/view/ot_526/?tab=trees&tree=Tr91777			
mrcaott90511ott165949		node Tn13587390 for https://tree.opentreeoflife.org/curator/study/view/ot_526/?tab=trees&tree=Tr91777		
mrcaott90511ott165949	node Tn8987759 for https://tree.opentreeoflife.org/curator/study/view/ot_591/?tab=trees&tree=Tr53870			
mrcaott90511ott165958				node ott518277 for https://tree.opentreeoflife.org/curator/study/view/ot_526/?tab=trees&tree=Tr91777
mrcaott90511ott165958		node node8 for https://tree.opentreeoflife.org/curator/study/view/ot_589/?tab=trees&tree=tree1		
mrcaott90511ott165958	node Tn8987721 for https://tree.opentreeoflife.org/curator/study/view/ot_591/?tab=trees&tree=Tr53870			
mrcaott90511ott3623485				node ott3623546 for https://tree.opentreeoflife.org/curator/study/view/ot_591/?tab=trees&tree=Tr53870
mrcaott90511ott3623485				node ott518277 for https://tree.opentreeoflife.org/curator/study/view/ot_526/?tab=trees&tree=Tr91777
mrcaott90511ott3623485	node node23 for https://tree.opentreeoflife.org/curator/study/view/ot_589/?tab=trees&tree=tree1			
mrcaott90511ott3623492				node ott3623546 for https://tree.opentreeoflife.org/curator/study/view/ot_591/?tab=trees&tree=Tr53870
mrcaott90511ott3623492				node ott518277 for https://tree.opentreeoflife.org/curator/study/view/ot_526/?tab=trees&tree=Tr91777
mrcaott90511ott3623492	node node28 for https://tree.opentreeoflife.org/curator/study/view/ot_589/?tab=trees&tree=tree1			
mrcaott90511ott3623493				node ott518277 for https://tree.opentreeoflife.org/curator/study/view/ot_526/?tab=trees&tree=Tr91777
mrcaott90511ott3623493		node node8 for https://tree.opentreeoflife.org/curator/study/view/ot_589/?tab=trees&tree=tree1		
mrcaott90511ott3623493	node Tn8987709 for https://tree.opentreeoflife.org/curator/study/view/ot_591/?tab=trees&tree=Tr53870			
mrcaott90511ott3623546				node ott3623546 for https://tree.opentreeoflife.org/curator/study/view/ot_591/?tab=trees&tree=Tr53870
mrcaott90511ott3623546				node ott518277 for https://tree.opentreeoflife.org/curator/study/view/ot_526/?tab=trees&tree=Tr91777
mrcaott90511ott3623546	node node30 for https://tree.opentreeoflife.org/curator/study/view/ot_589/?tab=trees&tree=tree1			
mrcaott90511ott518277				node ott518277 for https://tree.opentreeoflife.org/curator/study/view/ot_526/?tab=trees&tree=Tr91777
mrcaott90511ott518277	node node36 for https://tree.opentreeoflife.org/curator/study/view/ot_589/?tab=trees&tree=tree1			
mrcaott90511ott619744				node ott518277 for https://tree.opentreeoflife.org/curator/study/view/ot_526/?tab=trees&tree=Tr91777
mrcaott90511ott619744	node node32 for https://tree.opentreeoflife.org/curator/study/view/ot_589/?tab=trees&tree=tree1			
mrcaott9152ott108974	node node7 for https://tree.opentreeoflife.org/curator/study/view/ot_635/?tab=trees&tree=tree1			
mrcaott9152ott11359				node ott284531 for https://tree.opentreeoflife.org/curator/study/view/ot_526/?tab=trees&tree=Tr91777
mrcaott9152ott11359	node node18 for https://tree.opentreeoflife.org/curator/study/view/ot_633/?tab=trees&tree=tree2			
mrcaott9152ott210205	node Tn13587423 for https://tree.opentreeoflife.org/curator/study/view/ot_526/?tab=trees&tree=Tr91777			
mrcaott9152ott214957	node node6 for https://tree.opentreeoflife.org/curator/study/view/ot_635/?tab=trees&tree=tree1			
mrcaott9875ott205351	node Tn13587417 for https://tree.opentreeoflife.org/curator/study/view/ot_526/?tab=trees&tree=Tr91777			
mrcaott9887ott125505	node Tn13587381 for https://tree.opentreeoflife.org/curator/study/view/ot_526/?tab=trees&tree=Tr91777			
mrcaott9887ott53826	node Tn13587352 for https://tree.opentreeoflife.org/curator/study/view/ot_526/?tab=trees&tree=Tr91777			
mrcaott9887ott54944	node Tn13587430 for https://tree.opentreeoflife.org/curator/study/view/ot_526/?tab=trees&tree=Tr91777			
ott1018971	node node49 for https://tree.opentreeoflife.org/curator/study/view/ot_594/?tab=trees&tree=tree1			
ott1087544		node Tn13587409 for https://tree.opentreeoflife.org/curator/study/view/ot_526/?tab=trees&tree=Tr91777		
ott119044	node node152 for https://tree.opentreeoflife.org/curator/study/view/ot_575/?tab=trees&tree=tree3			
ott165955	node Tn8987696 for https://tree.opentreeoflife.org/curator/study/view/ot_591/?tab=trees&tree=Tr53870			
ott165962		node Tn8987758 for https://tree.opentreeoflife.org/curator/study/view/ot_591/?tab=trees&tree=Tr53870		
ott165962	node node9 for https://tree.opentreeoflife.org/curator/study/view/ot_589/?tab=trees&tree=tree1			
ott253449				node ott538067 for https://tree.opentreeoflife.org/curator/study/view/ot_526/?tab=trees&tree=Tr91777
ott253449	node node15 for https://tree.opentreeoflife.org/curator/study/view/ot_631/?tab=trees&tree=tree1			
ott263396	node node25 for https://tree.opentreeoflife.org/curator/study/view/ot_594/?tab=trees&tree=tree1			
ott272341	node node3 for https://tree.opentreeoflife.org/curator/study/view/ot_590/?tab=trees&tree=tree1			
ott297547				node ott3623498 for https://tree.opentreeoflife.org/curator/study/view/ot_591/?tab=trees&tree=Tr53870
ott297547	node node2 for https://tree.opentreeoflife.org/curator/study/view/ot_589/?tab=trees&tree=tree1			
ott328604		node Tn13587500 for https://tree.opentreeoflife.org/curator/study/view/ot_526/?tab=trees&tree=Tr91777		
ott328604	node node173 for https://tree.opentreeoflife.org/curator/study/view/ot_575/?tab=trees&tree=tree3			
ott357170				node ott621604 for https://tree.opentreeoflife.org/curator/study/view/ot_526/?tab=trees&tree=Tr91777
ott357170	node node52 for https://tree.opentreeoflife.org/curator/study/view/ot_627/?tab=trees&tree=tree1			
ott36217				node ott315256 for https://tree.opentreeoflife.org/curator/study/view/ot_526/?tab=trees&tree=Tr91777
ott36217	node node6 for https://tree.opentreeoflife.org/curator/study/view/ot_631/?tab=trees&tree=tree1			
ott3623543	node Tn8987714 for https://tree.opentreeoflife.org/curator/study/view/ot_591/?tab=trees&tree=Tr53870			
ott3623551	node Tn8987697 for https://tree.opentreeoflife.org/curator/study/view/ot_591/?tab=trees&tree=Tr53870			
ott3624214	node node160 for https://tree.opentreeoflife.org/curator/study/view/ot_575/?tab=trees&tree=tree3			
ott3624235	node node70 for https://tree.opentreeoflife.org/curator/study/view/ot_594/?tab=trees&tree=tree1			
ott3624266	node node170 for https://tree.opentreeoflife.org/curator/study/view/ot_575/?tab=trees&tree=tree3			
ott441560		node Tn13587521 for https://tree.opentreeoflife.org/curator/study/view/ot_526/?tab=trees&tree=Tr91777		
ott488966				node ott488967 for https://tree.opentreeoflife.org/curator/study/view/ot_526/?tab=trees&tree=Tr91777
ott488966	node node22 for https://tree.opentreeoflife.org/curator/study/view/ot_590/?tab=trees&tree=tree1			
ott488972	node Tn13587363 for https://tree.opentreeoflife.org/curator/study/view/ot_526/?tab=trees&tree=Tr91777			
ott488975	node Tn13587383 for https://tree.opentreeoflife.org/curator/study/view/ot_526/?tab=trees&tree=Tr91777			
ott5548747	node Tn13587452 for https://tree.opentreeoflife.org/curator/study/view/ot_526/?tab=trees&tree=Tr91777			
ott5548749	node Tn13587309 for https://tree.opentreeoflife.org/curator/study/view/ot_526/?tab=trees&tree=Tr91777			
ott55622		node Tn13587341 for https://tree.opentreeoflife.org/curator/study/view/ot_526/?tab=trees&tree=Tr91777		
ott566350	node Tn8968584 for https://tree.opentreeoflife.org/curator/study/view/ot_625/?tab=trees&tree=Tr53737			
ott609227		node Tn13587409 for https://tree.opentreeoflife.org/curator/study/view/ot_526/?tab=trees&tree=Tr91777		
ott609229				node ott119577 for https://tree.opentreeoflife.org/curator/study/view/ot_595/?tab=trees&tree=Tr53782
ott609229		node node2 for https://tree.opentreeoflife.org/curator/study/view/ot_631/?tab=trees&tree=tree1		
ott609233	node Tn13587312 for https://tree.opentreeoflife.org/curator/study/view/ot_526/?tab=trees&tree=Tr91777			
ott609235		node Tn13587390 for https://tree.opentreeoflife.org/curator/study/view/ot_526/?tab=trees&tree=Tr91777		
ott609248	node Tn13587490 for https://tree.opentreeoflife.org/curator/study/view/ot_526/?tab=trees&tree=Tr91777			
ott687155				node ott804481 for https://tree.opentreeoflife.org/curator/study/view/ot_526/?tab=trees&tree=Tr91777
ott687155	node node25 for https://tree.opentreeoflife.org/curator/study/view/ot_627/?tab=trees&tree=tree1			
ott693711	node node29 for https://tree.opentreeoflife.org/curator/study/view/ot_631/?tab=trees&tree=tree1			
ott701512				node ott701523 for https://tree.opentreeoflife.org/curator/study/view/ot_526/?tab=trees&tree=Tr91777
ott701512	node node6 for https://tree.opentreeoflife.org/curator/study/view/ot_627/?tab=trees&tree=tree1			
ott701513	node Tn13587345 for https://tree.opentreeoflife.org/curator/study/view/ot_526/?tab=trees&tree=Tr91777			
ott701522	node Tn13587380 for https://tree.opentreeoflife.org/curator/study/view/ot_526/?tab=trees&tree=Tr91777			
ott729096				node ott1020746 for https://tree.opentreeoflife.org/curator/study/view/ot_526/?tab=trees&tree=Tr91777
ott729096	node node148 for https://tree.opentreeoflife.org/curator/study/view/ot_575/?tab=trees&tree=tree3			
ott777152				node ott518277 for https://tree.opentreeoflife.org/curator/study/view/ot_526/?tab=trees&tree=Tr91777
ott777152	node Tn8987707 for https://tree.opentreeoflife.org/curator/study/view/ot_591/?tab=trees&tree=Tr53870			
ott791206				node ott791207 for https://tree.opentreeoflife.org/curator/study/view/ot_526/?tab=trees&tree=Tr91777
ott791206	node Tn8987739 for https://tree.opentreeoflife.org/curator/study/view/ot_591/?tab=trees&tree=Tr53870			
ott804552	node Tn8968556 for https://tree.opentreeoflife.org/curator/study/view/ot_625/?tab=trees&tree=Tr53737			
ott828985	node Tn13587389 for https://tree.opentreeoflife.org/curator/study/view/ot_526/?tab=trees&tree=Tr91777			
ott87886	node Tn13587469 for https://tree.opentreeoflife.org/curator/study/view/ot_526/?tab=trees&tree=Tr91777			
ott87888		node Tn13587341 for https://tree.opentreeoflife.org/curator/study/view/ot_526/?tab=trees&tree=Tr91777		
ott87890	node Tn13587305 for https://tree.opentreeoflife.org/curator/study/view/ot_526/?tab=trees&tree=Tr91777			
ott916525	node node24 for https://tree.opentreeoflife.org/curator/study/view/ot_631/?tab=trees&tree=tree1			
ott967334	node Tn13587410 for https://tree.opentreeoflife.org/curator/study/view/ot_526/?tab=trees&tree=Tr91777			
ott967337				node ott538067 for https://tree.opentreeoflife.org/curator/study/view/ot_526/?tab=trees&tree=Tr91777
ott967337	node node14 for https://tree.opentreeoflife.org/curator/study/view/ot_631/?tab=trees&tree=tree1			
ott967343	node Tn13587394 for https://tree.opentreeoflife.org/curator/study/view/ot_526/?tab=trees&tree=Tr91777			
Terminal node id	included in
ott392181	node ott392181 for https://tree.opentreeoflife.org/curator/study/view/ot_594/?tab=trees&tree=tree1
ott3623489	node ott3623489 for https://tree.opentreeoflife.org/curator/study/view/ot_589/?tab=trees&tree=tree1
ott3623488	node ott3623488 for https://tree.opentreeoflife.org/curator/study/view/ot_589/?tab=trees&tree=tree1
ott392186	node ott392181 for https://tree.opentreeoflife.org/curator/study/view/ot_594/?tab=trees&tree=tree1
ott3623485	node ott3623485 for https://tree.opentreeoflife.org/curator/study/view/ot_589/?tab=trees&tree=tree1
ott3623481	node ott3623481 for https://tree.opentreeoflife.org/curator/study/view/ot_591/?tab=trees&tree=Tr53870
ott3623481	node ott3623481 for https://tree.opentreeoflife.org/curator/study/view/ot_589/?tab=trees&tree=tree1
ott3623482	node ott3623482 for https://tree.opentreeoflife.org/curator/study/view/ot_589/?tab=trees&tree=tree1
ott719850	node ott1015003 for https://tree.opentreeoflife.org/curator/study/view/ot_594/?tab=trees&tree=tree1
ott677783	node ott96813 for https://tree.opentreeoflife.org/curator/study/view/ot_631/?tab=trees&tree=tree1
ott334578	node ott61487 for https://tree.opentreeoflife.org/curator/study/view/ot_526/?tab=trees&tree=Tr91777
ott1057305	node ott1057305 for https://tree.opentreeoflife.org/curator/study/view/ot_526/?tab=trees&tree=Tr91777
ott1057304	node ott1057305 for https://tree.opentreeoflife.org/curator/study/view/ot_526/?tab=trees&tree=Tr91777
ott1057306	node ott1057299 for https://tree.opentreeoflife.org/curator/study/view/ot_526/?tab=trees&tree=Tr91777
ott480919	node ott480916 for https://tree.opentreeoflife.org/curator/study/view/ot_526/?tab=trees&tree=Tr91777
ott1057303	node ott1057303 for https://tree.opentreeoflife.org/curator/study/view/ot_526/?tab=trees&tree=Tr91777
ott480914	node ott480910 for https://tree.opentreeoflife.org/curator/study/view/ot_526/?tab=trees&tree=Tr91777
ott480916	node ott480916 for https://tree.opentreeoflife.org/curator/study/view/ot_526/?tab=trees&tree=Tr91777
ott480910	node ott480910 for https://tree.opentreeoflife.org/curator/study/view/ot_526/?tab=trees&tree=Tr91777
ott854135	node ott1057296 for https://tree.opentreeoflife.org/curator/study/view/ot_526/?tab=trees&tree=Tr91777
ott346676	node ott144212 for https://tree.opentreeoflife.org/curator/study/view/ot_633/?tab=trees&tree=tree2
ott346676	node ott144212 for https://tree.opentreeoflife.org/curator/study/view/ot_635/?tab=trees&tree=tree1
ott272344	node ott272344 for https://tree.opentreeoflife.org/curator/study/view/ot_590/?tab=trees&tree=tree1
ott87882	node ott700872 for https://tree.opentreeoflife.org/curator/study/view/ot_526/?tab=trees&tree=Tr91777
ott3624293	node ott3624293 for https://tree.opentreeoflife.org/curator/study/view/ot_595/?tab=trees&tree=Tr53782
ott3624293	node ott3624293 for https://tree.opentreeoflife.org/curator/study/view/ot_631/?tab=trees&tree=tree1
ott3624292	node ott3624293 for https://tree.opentreeoflife.org/curator/study/view/ot_595/?tab=trees&tree=Tr53782
ott3624292	node ott3624293 for https://tree.opentreeoflife.org/curator/study/view/ot_631/?tab=trees&tree=tree1
ott3624294	node ott3624294 for https://tree.opentreeoflife.org/curator/study/view/ot_575/?tab=trees&tree=tree3
ott3624297	node ott3624298 for https://tree.opentreeoflife.org/curator/study/view/ot_594/?tab=trees&tree=tree1
ott3624298	node ott3624298 for https://tree.opentreeoflife.org/curator/study/view/ot_594/?tab=trees&tree=tree1
ott3624051	node ott3624051 for https://tree.opentreeoflife.org/curator/study/view/ot_594/?tab=trees&tree=tree1
ott108974	node ott108974 for https://tree.opentreeoflife.org/curator/study/view/ot_633/?tab=trees&tree=tree2
ott108974	node ott108974 for https://tree.opentreeoflife.org/curator/study/view/ot_635/?tab=trees&tree=tree1
ott3624058	node ott3624058 for https://tree.opentreeoflife.org/curator/study/view/ot_594/?tab=trees&tree=tree1
ott1090792	node ott1090792 for https://tree.opentreeoflife.org/curator/study/view/ot_526/?tab=trees&tree=Tr91777
ott277161	node ott277161 for https://tree.opentreeoflife.org/curator/study/view/ot_633/?tab=trees&tree=tree2
ott277161	node ott277161 for https://tree.opentreeoflife.org/curator/study/view/ot_635/?tab=trees&tree=tree1
ott693721	node ott693721 for https://tree.opentreeoflife.org/curator/study/view/ot_631/?tab=trees&tree=tree1
ott700877	node ott700872 for https://tree.opentreeoflife.org/curator/study/view/ot_526/?tab=trees&tree=Tr91777
ott23769	node ott23770 for https://tree.opentreeoflife.org/curator/study/view/ot_526/?tab=trees&tree=Tr91777
ott700872	node ott700872 for https://tree.opentreeoflife.org/curator/study/view/ot_526/?tab=trees&tree=Tr91777
ott23762	node ott23762 for https://tree.opentreeoflife.org/curator/study/view/ot_526/?tab=trees&tree=Tr91777
ott23761	node ott23762 for https://tree.opentreeoflife.org/curator/study/view/ot_526/?tab=trees&tree=Tr91777
ott23767	node ott23767 for https://tree.opentreeoflife.org/curator/study/view/ot_590/?tab=trees&tree=tree1
ott23766	node ott23767 for https://tree.opentreeoflife.org/curator/study/view/ot_590/?tab=trees&tree=tree1
ott922060	node ott215102 for https://tree.opentreeoflife.org/curator/study/view/ot_526/?tab=trees&tree=Tr91777
ott216459	node ott216459 for https://tree.opentreeoflife.org/curator/study/view/ot_595/?tab=trees&tree=Tr53782
ott216459	node ott216459 for https://tree.opentreeoflife.org/curator/study/view/ot_631/?tab=trees&tree=tree1
ott3624229	node ott3624229 for https://tree.opentreeoflife.org/curator/study/view/ot_594/?tab=trees&tree=tree1
ott194069	node ott194065 for https://tree.opentreeoflife.org/curator/study/view/ot_526/?tab=trees&tree=Tr91777
ott3624225	node ott3624225 for https://tree.opentreeoflife.org/curator/study/view/ot_595/?tab=trees&tree=Tr53782
ott3624225	node ott3624225 for https://tree.opentreeoflife.org/curator/study/view/ot_631/?tab=trees&tree=tree1
ott3624226	node ott3624225 for https://tree.opentreeoflife.org/curator/study/view/ot_595/?tab=trees&tree=Tr53782
ott3624226	node ott3624225 for https://tree.opentreeoflife.org/curator/study/view/ot_631/?tab=trees&tree=tree1
ott194065	node ott194065 for https://tree.opentreeoflife.org/curator/study/view/ot_526/?tab=trees&tree=Tr91777
ott3624220	node ott3624220 for https://tree.opentreeoflife.org/curator/study/view/ot_595/?tab=trees&tree=Tr53782
ott3624220	node ott3624220 for https://tree.opentreeoflife.org/curator/study/view/ot_631/?tab=trees&tree=tree1
ott3624221	node ott3624220 for https://tree.opentreeoflife.org/curator/study/view/ot_595/?tab=trees&tree=Tr53782
ott3624221	node ott3624220 for https://tree.opentreeoflife.org/curator/study/view/ot_631/?tab=trees&tree=tree1
ott3623534	node ott3623534 for https://tree.opentreeoflife.org/curator/study/view/ot_591/?tab=trees&tree=Tr53870
ott45407	node ott343454 for https://tree.opentreeoflife.org/curator/study/view/ot_631/?tab=trees&tree=tree1
ott113064	node ott113063 for https://tree.opentreeoflife.org/curator/study/view/ot_526/?tab=trees&tree=Tr91777
ott113063	node ott113063 for https://tree.opentreeoflife.org/curator/study/view/ot_526/?tab=trees&tree=Tr91777
ott113062	node ott113063 for https://tree.opentreeoflife.org/curator/study/view/ot_526/?tab=trees&tree=Tr91777
ott113061	node ott113061 for https://tree.opentreeoflife.org/curator/study/view/ot_526/?tab=trees&tree=Tr91777
ott113061	node ott113061 for https://tree.opentreeoflife.org/curator/study/view/ot_631/?tab=trees&tree=tree1
ott113060	node ott113061 for https://tree.opentreeoflife.org/curator/study/view/ot_526/?tab=trees&tree=Tr91777
ott113060	node ott113061 for https://tree.opentreeoflife.org/curator/study/view/ot_631/?tab=trees&tree=tree1
ott261881	node ott261881 for https://tree.opentreeoflife.org/curator/study/view/ot_526/?tab=trees&tree=Tr91777
ott874757	node ott874760 for https://tree.opentreeoflife.org/curator/study/view/ot_526/?tab=trees&tree=Tr91777
ott3623528	node ott3623528 for https://tree.opentreeoflife.org/curator/study/view/ot_591/?tab=trees&tree=Tr53870
ott45408	node ott45408 for https://tree.opentreeoflife.org/curator/study/view/ot_526/?tab=trees&tree=Tr91777
ott1057296	node ott1057296 for https://tree.opentreeoflife.org/curator/study/view/ot_526/?tab=trees&tree=Tr91777
ott1057301	node ott1057301 for https://tree.opentreeoflife.org/curator/study/view/ot_526/?tab=trees&tree=Tr91777
ott1057300	node ott1057301 for https://tree.opentreeoflife.org/curator/study/view/ot_526/?tab=trees&tree=Tr91777
ott949075	node ott949069 for https://tree.opentreeoflife.org/curator/study/view/ot_526/?tab=trees&tree=Tr91777
ott13190	node ott13190 for https://tree.opentreeoflife.org/curator/study/view/ot_575/?tab=trees&tree=tree3
ott9890	node ott9890 for https://tree.opentreeoflife.org/curator/study/view/ot_526/?tab=trees&tree=Tr91777
ott9891	node ott9887 for https://tree.opentreeoflife.org/curator/study/view/ot_526/?tab=trees&tree=Tr91777
ott9893	node ott531339 for https://tree.opentreeoflife.org/curator/study/view/ot_526/?tab=trees&tree=Tr91777
ott1074074	node ott1074074 for https://tree.opentreeoflife.org/curator/study/view/ot_526/?tab=trees&tree=Tr91777
ott3623963	node ott3623963 for https://tree.opentreeoflife.org/curator/study/view/ot_575/?tab=trees&tree=tree3
ott3623961	node ott3623961 for https://tree.opentreeoflife.org/curator/study/view/ot_575/?tab=trees&tree=tree3
ott3623966	node ott3623966 for https://tree.opentreeoflife.org/curator/study/view/ot_575/?tab=trees&tree=tree3
ott3623965	node ott3623965 for https://tree.opentreeoflife.org/curator/study/view/ot_575/?tab=trees&tree=tree3
ott783829	node ott783829 for https://tree.opentreeoflife.org/curator/study/view/ot_633/?tab=trees&tree=tree2
ott783829	node ott783829 for https://tree.opentreeoflife.org/curator/study/view/ot_635/?tab=trees&tree=tree1
ott641175	node ott96812 for https://tree.opentreeoflife.org/curator/study/view/ot_631/?tab=trees&tree=tree1
ott180851	node ott181363 for https://tree.opentreeoflife.org/curator/study/view/ot_526/?tab=trees&tree=Tr91777
ott205351	node ott205351 for https://tree.opentreeoflife.org/curator/study/view/ot_594/?tab=trees&tree=tree1
ott475461	node ott475461 for https://tree.opentreeoflife.org/curator/study/view/ot_590/?tab=trees&tree=tree1
ott1018966	node ott3624324 for https://tree.opentreeoflife.org/curator/study/view/ot_594/?tab=trees&tree=tree1
ott967328	node ott896075 for https://tree.opentreeoflife.org/curator/study/view/ot_526/?tab=trees&tree=Tr91777
ott76039	node ott877784 for https://tree.opentreeoflife.org/curator/study/view/ot_526/?tab=trees&tree=Tr91777
ott950002	node ott950003 for https://tree.opentreeoflife.org/curator/study/view/ot_633/?tab=trees&tree=tree2
ott950002	node ott950003 for https://tree.opentreeoflife.org/curator/study/view/ot_635/?tab=trees&tree=tree1
ott950003	node ott950003 for https://tree.opentreeoflife.org/curator/study/view/ot_633/?tab=trees&tree=tree2
ott950003	node ott950003 for https://tree.opentreeoflife.org/curator/study/view/ot_635/?tab=trees&tree=tree1
ott618288	node ott618288 for https://tree.opentreeoflife.org/curator/study/view/ot_526/?tab=trees&tree=Tr91777
ott712194	node ott284531 for https://tree.opentreeoflife.org/curator/study/view/ot_526/?tab=trees&tree=Tr91777
ott712194	node ott284531 for https://tree.opentreeoflife.org/curator/study/view/ot_633/?tab=trees&tree=tree2
ott619744	node ott619744 for https://tree.opentreeoflife.org/curator/study/view/ot_589/?tab=trees&tree=tree1
ott3623457	node ott3623457 for https://tree.opentreeoflife.org/curator/study/view/ot_625/?tab=trees&tree=Tr53737
ott3623457	node ott3623457 for https://tree.opentreeoflife.org/curator/study/view/ot_631/?tab=trees&tree=tree1
ott3624268	node ott3624328 for https://tree.opentreeoflife.org/curator/study/view/ot_594/?tab=trees&tree=tree1
ott3623549	node ott3623549 for https://tree.opentreeoflife.org/curator/study/view/ot_591/?tab=trees&tree=Tr53870
ott3623540	node ott3623540 for https://tree.opentreeoflife.org/curator/study/view/ot_591/?tab=trees&tree=Tr53870
ott3623541	node ott3623541 for https://tree.opentreeoflife.org/curator/study/view/ot_591/?tab=trees&tree=Tr53870
ott186917	node ott186917 for https://tree.opentreeoflife.org/curator/study/view/ot_526/?tab=trees&tree=Tr91777
ott3623544	node ott3623544 for https://tree.opentreeoflife.org/curator/study/view/ot_591/?tab=trees&tree=Tr53870
ott3623545	node ott3623566 for https://tree.opentreeoflife.org/curator/study/view/ot_591/?tab=trees&tree=Tr53870
ott3623546	node ott3623546 for https://tree.opentreeoflife.org/curator/study/view/ot_591/?tab=trees&tree=Tr53870
ott3623546	node ott3623546 for https://tree.opentreeoflife.org/curator/study/view/ot_589/?tab=trees&tree=tree1
ott210205	node ott210205 for https://tree.opentreeoflife.org/curator/study/view/ot_526/?tab=trees&tree=Tr91777
ott186916	node ott186917 for https://tree.opentreeoflife.org/curator/study/view/ot_526/?tab=trees&tree=Tr91777
ott210203	node ott583421 for https://tree.opentreeoflife.org/curator/study/view/ot_526/?tab=trees&tree=Tr91777
ott3624306	node ott3624310 for https://tree.opentreeoflife.org/curator/study/view/ot_594/?tab=trees&tree=tree1
ott3623465	node ott3623465 for https://tree.opentreeoflife.org/curator/study/view/ot_625/?tab=trees&tree=Tr53737
ott3623465	node ott3623465 for https://tree.opentreeoflife.org/curator/study/view/ot_631/?tab=trees&tree=tree1
ott3624062	node ott3624062 for https://tree.opentreeoflife.org/curator/study/view/ot_594/?tab=trees&tree=tree1
ott3624264	node ott3624264 for https://tree.opentreeoflife.org/curator/study/view/ot_594/?tab=trees&tree=tree1
ott341161	node ott341161 for https://tree.opentreeoflife.org/curator/study/view/ot_625/?tab=trees&tree=Tr53737
ott341161	node ott341161 for https://tree.opentreeoflife.org/curator/study/view/ot_631/?tab=trees&tree=tree1
ott11363	node ott22071 for https://tree.opentreeoflife.org/curator/study/view/ot_633/?tab=trees&tree=tree2
ott3624064	node ott3624064 for https://tree.opentreeoflife.org/curator/study/view/ot_594/?tab=trees&tree=tree1
ott101248	node ott45425 for https://tree.opentreeoflife.org/curator/study/view/ot_526/?tab=trees&tree=Tr91777
ott263048	node ott777020 for https://tree.opentreeoflife.org/curator/study/view/ot_625/?tab=trees&tree=Tr53737
ott1014995	node ott1014995 for https://tree.opentreeoflife.org/curator/study/view/ot_627/?tab=trees&tree=tree1
ott394024	node ott394020 for https://tree.opentreeoflife.org/curator/study/view/ot_526/?tab=trees&tree=Tr91777
ott394020	node ott394020 for https://tree.opentreeoflife.org/curator/study/view/ot_526/?tab=trees&tree=Tr91777
ott671072	node ott671072 for https://tree.opentreeoflife.org/curator/study/view/ot_625/?tab=trees&tree=Tr53737
ott671072	node ott671072 for https://tree.opentreeoflife.org/curator/study/view/ot_631/?tab=trees&tree=tree1
ott194081	node ott210205 for https://tree.opentreeoflife.org/curator/study/view/ot_526/?tab=trees&tree=Tr91777
ott531349	node ott531349 for https://tree.opentreeoflife.org/curator/study/view/ot_526/?tab=trees&tree=Tr91777
ott531346	node ott531349 for https://tree.opentreeoflife.org/curator/study/view/ot_526/?tab=trees&tree=Tr91777
ott531347	node ott531347 for https://tree.opentreeoflife.org/curator/study/view/ot_526/?tab=trees&tree=Tr91777
ott531344	node ott531347 for https://tree.opentreeoflife.org/curator/study/view/ot_526/?tab=trees&tree=Tr91777
ott531342	node ott531342 for https://tree.opentreeoflife.org/curator/study/view/ot_526/?tab=trees&tree=Tr91777
ott315255	node ott315256 for https://tree.opentreeoflife.org/curator/study/view/ot_526/?tab=trees&tree=Tr91777
ott315255	node ott315256 for https://tree.opentreeoflife.org/curator/study/view/ot_631/?tab=trees&tree=tree1
ott315256	node ott315256 for https://tree.opentreeoflife.org/curator/study/view/ot_526/?tab=trees&tree=Tr91777
ott315256	node ott315256 for https://tree.opentreeoflife.org/curator/study/view/ot_631/?tab=trees&tree=tree1
ott216461	node ott216459 for https://tree.opentreeoflife.org/curator/study/view/ot_595/?tab=trees&tree=Tr53782
ott216461	node ott216459 for https://tree.opentreeoflife.org/curator/study/view/ot_631/?tab=trees&tree=tree1
ott119576	node ott119577 for https://tree.opentreeoflife.org/curator/study/view/ot_595/?tab=trees&tree=Tr53782
ott119572	node ott96818 for https://tree.opentreeoflife.org/curator/study/view/ot_631/?tab=trees&tree=tree1
ott3624305	node ott3624305 for https://tree.opentreeoflife.org/curator/study/view/ot_594/?tab=trees&tree=tree1
ott583421	node ott583421 for https://tree.opentreeoflife.org/curator/study/view/ot_526/?tab=trees&tree=Tr91777
ott11369	node ott284531 for https://tree.opentreeoflife.org/curator/study/view/ot_526/?tab=trees&tree=Tr91777
ott11369	node ott284531 for https://tree.opentreeoflife.org/curator/study/view/ot_633/?tab=trees&tree=tree2
ott532334	node ott532334 for https://tree.opentreeoflife.org/curator/study/view/ot_591/?tab=trees&tree=Tr53870
ott3624060	node ott3624060 for https://tree.opentreeoflife.org/curator/study/view/ot_594/?tab=trees&tree=tree1
ott3624166	node ott3624166 for https://tree.opentreeoflife.org/curator/study/view/ot_594/?tab=trees&tree=tree1
ott3624162	node ott3624162 for https://tree.opentreeoflife.org/curator/study/view/ot_594/?tab=trees&tree=tree1
ott3624168	node ott3624168 for https://tree.opentreeoflife.org/curator/study/view/ot_594/?tab=trees&tree=tree1
ott383620	node ott383620 for https://tree.opentreeoflife.org/curator/study/view/ot_590/?tab=trees&tree=tree1
ott361207	node ott618288 for https://tree.opentreeoflife.org/curator/study/view/ot_526/?tab=trees&tree=Tr91777
ott922063	node ott1020726 for https://tree.opentreeoflife.org/curator/study/view/ot_526/?tab=trees&tree=Tr91777
ott952540	node ott952540 for https://tree.opentreeoflife.org/curator/study/view/ot_633/?tab=trees&tree=tree2
ott952540	node ott952540 for https://tree.opentreeoflife.org/curator/study/view/ot_635/?tab=trees&tree=tree1
ott952546	node ott952540 for https://tree.opentreeoflife.org/curator/study/view/ot_633/?tab=trees&tree=tree2
ott952546	node ott952540 for https://tree.opentreeoflife.org/curator/study/view/ot_635/?tab=trees&tree=tree1
ott1094983	node ott1074074 for https://tree.opentreeoflife.org/curator/study/view/ot_526/?tab=trees&tree=Tr91777
ott144212	node ott144212 for https://tree.opentreeoflife.org/curator/study/view/ot_633/?tab=trees&tree=tree2
ott144212	node ott144212 for https://tree.opentreeoflife.org/curator/study/view/ot_635/?tab=trees&tree=tree1
ott165958	node ott165958 for https://tree.opentreeoflife.org/curator/study/view/ot_591/?tab=trees&tree=Tr53870
ott165958	node ott165958 for https://tree.opentreeoflife.org/curator/study/view/ot_589/?tab=trees&tree=tree1
ott343439	node ott918537 for https://tree.opentreeoflife.org/curator/study/view/ot_631/?tab=trees&tree=tree1
ott256900	node ott119574 for https://tree.opentreeoflife.org/curator/study/view/ot_631/?tab=trees&tree=tree1
ott1020746	node ott1020746 for https://tree.opentreeoflife.org/curator/study/view/ot_526/?tab=trees&tree=Tr91777
ott1020746	node ott1020746 for https://tree.opentreeoflife.org/curator/study/view/ot_575/?tab=trees&tree=tree3
ott3621737	node ott3621737 for https://tree.opentreeoflife.org/curator/study/view/ot_590/?tab=trees&tree=tree1
ott22071	node ott22071 for https://tree.opentreeoflife.org/curator/study/view/ot_633/?tab=trees&tree=tree2
ott609245	node ott45408 for https://tree.opentreeoflife.org/curator/study/view/ot_526/?tab=trees&tree=Tr91777
ott194082	node ott210205 for https://tree.opentreeoflife.org/curator/study/view/ot_526/?tab=trees&tree=Tr91777
ott935993	node ott935993 for https://tree.opentreeoflife.org/curator/study/view/ot_526/?tab=trees&tree=Tr91777
ott650090	node ott650090 for https://tree.opentreeoflife.org/curator/study/view/ot_526/?tab=trees&tree=Tr91777
ott650090	node ott650090 for https://tree.opentreeoflife.org/curator/study/view/ot_575/?tab=trees&tree=tree3
ott3624347	node ott3624347 for https://tree.opentreeoflife.org/curator/study/view/ot_575/?tab=trees&tree=tree3
ott3624345	node ott3624345 for https://tree.opentreeoflife.org/curator/study/view/ot_595/?tab=trees&tree=Tr53782
ott3624345	node ott3624345 for https://tree.opentreeoflife.org/curator/study/view/ot_631/?tab=trees&tree=tree1
ott3624344	node ott3624345 for https://tree.opentreeoflife.org/curator/study/view/ot_595/?tab=trees&tree=Tr53782
ott3624344	node ott3624345 for https://tree.opentreeoflife.org/curator/study/view/ot_631/?tab=trees&tree=tree1
ott343448	node ott343448 for https://tree.opentreeoflife.org/curator/study/view/ot_631/?tab=trees&tree=tree1
ott866701	node ott538067 for https://tree.opentreeoflife.org/curator/study/view/ot_526/?tab=trees&tree=Tr91777
ott866701	node ott538067 for https://tree.opentreeoflife.org/curator/study/view/ot_631/?tab=trees&tree=tree1
ott267131	node ott267124 for https://tree.opentreeoflife.org/curator/study/view/ot_526/?tab=trees&tree=Tr91777
ott376394	node ott122073 for https://tree.opentreeoflife.org/curator/study/view/ot_633/?tab=trees&tree=tree2
ott376394	node ott122073 for https://tree.opentreeoflife.org/curator/study/view/ot_635/?tab=trees&tree=tree1
ott56579	node ott56579 for https://tree.opentreeoflife.org/curator/study/view/ot_526/?tab=trees&tree=Tr91777
ott179932	node ott179932 for https://tree.opentreeoflife.org/curator/study/view/ot_526/?tab=trees&tree=Tr91777
ott3623490	node ott3623490 for https://tree.opentreeoflife.org/curator/study/view/ot_589/?tab=trees&tree=tree1
ott730419	node ott730419 for https://tree.opentreeoflife.org/curator/study/view/ot_594/?tab=trees&tree=tree1
ott3622981	node ott3622981 for https://tree.opentreeoflife.org/curator/study/view/ot_633/?tab=trees&tree=tree2
ott3622981	node ott3622981 for https://tree.opentreeoflife.org/curator/study/view/ot_635/?tab=trees&tree=tree1
ott3624234	node ott3624234 for https://tree.opentreeoflife.org/curator/study/view/ot_594/?tab=trees&tree=tree1
ott3624330	node ott3624330 for https://tree.opentreeoflife.org/curator/study/view/ot_575/?tab=trees&tree=tree3
ott261879	node ott261879 for https://tree.opentreeoflife.org/curator/study/view/ot_625/?tab=trees&tree=Tr53737
ott261879	node ott261879 for https://tree.opentreeoflife.org/curator/study/view/ot_631/?tab=trees&tree=tree1
ott777020	node ott777020 for https://tree.opentreeoflife.org/curator/study/view/ot_625/?tab=trees&tree=Tr53737
ott3623547	node ott3623546 for https://tree.opentreeoflife.org/curator/study/view/ot_591/?tab=trees&tree=Tr53870
ott3623547	node ott3623546 for https://tree.opentreeoflife.org/curator/study/view/ot_589/?tab=trees&tree=tree1
ott284531	node ott284531 for https://tree.opentreeoflife.org/curator/study/view/ot_526/?tab=trees&tree=Tr91777
ott284531	node ott284531 for https://tree.opentreeoflife.org/curator/study/view/ot_633/?tab=trees&tree=tree2
ott55624	node ott55613 for https://tree.opentreeoflife.org/curator/study/view/ot_590/?tab=trees&tree=tree1
ott536089	node ott536084 for https://tree.opentreeoflife.org/curator/study/view/ot_633/?tab=trees&tree=tree2
ott536089	node ott536084 for https://tree.opentreeoflife.org/curator/study/view/ot_635/?tab=trees&tree=tree1
ott215103	node ott215103 for https://tree.opentreeoflife.org/curator/study/view/ot_526/?tab=trees&tree=Tr91777
ott215103	node ott215103 for https://tree.opentreeoflife.org/curator/study/view/ot_575/?tab=trees&tree=tree3
ott215102	node ott215102 for https://tree.opentreeoflife.org/curator/study/view/ot_526/?tab=trees&tree=Tr91777
ott536087	node ott215099 for https://tree.opentreeoflife.org/curator/study/view/ot_595/?tab=trees&tree=Tr53782
ott536087	node ott215099 for https://tree.opentreeoflife.org/curator/study/view/ot_631/?tab=trees&tree=tree1
ott877784	node ott877784 for https://tree.opentreeoflife.org/curator/study/view/ot_526/?tab=trees&tree=Tr91777
ott119577	node ott119577 for https://tree.opentreeoflife.org/curator/study/view/ot_595/?tab=trees&tree=Tr53782
ott531339	node ott531339 for https://tree.opentreeoflife.org/curator/study/view/ot_526/?tab=trees&tree=Tr91777
ott531338	node ott531342 for https://tree.opentreeoflife.org/curator/study/view/ot_526/?tab=trees&tree=Tr91777
ott119574	node ott119574 for https://tree.opentreeoflife.org/curator/study/view/ot_631/?tab=trees&tree=tree1
ott488967	node ott488967 for https://tree.opentreeoflife.org/curator/study/view/ot_526/?tab=trees&tree=Tr91777
ott645295	node ott645295 for https://tree.opentreeoflife.org/curator/study/view/ot_627/?tab=trees&tree=tree1
ott949069	node ott949069 for https://tree.opentreeoflife.org/curator/study/view/ot_526/?tab=trees&tree=Tr91777
ott703861	node ott703861 for https://tree.opentreeoflife.org/curator/study/view/ot_594/?tab=trees&tree=tree1
ott961404	node ott215094 for https://tree.opentreeoflife.org/curator/study/view/ot_526/?tab=trees&tree=Tr91777
ott862941	node ott90485 for https://tree.opentreeoflife.org/curator/study/view/ot_633/?tab=trees&tree=tree2
ott3624158	node ott3624158 for https://tree.opentreeoflife.org/curator/study/view/ot_594/?tab=trees&tree=tree1
ott3624157	node ott3624157 for https://tree.opentreeoflife.org/curator/study/view/ot_594/?tab=trees&tree=tree1
ott3624152	node ott3624152 for https://tree.opentreeoflife.org/curator/study/view/ot_594/?tab=trees&tree=tree1
ott3624153	node ott3624153 for https://tree.opentreeoflife.org/curator/study/view/ot_594/?tab=trees&tree=tree1
ott3624151	node ott3624151 for https://tree.opentreeoflife.org/curator/study/view/ot_594/?tab=trees&tree=tree1
ott641166	node ott641163 for https://tree.opentreeoflife.org/curator/study/view/ot_631/?tab=trees&tree=tree1
ott641162	node ott343456 for https://tree.opentreeoflife.org/curator/study/view/ot_526/?tab=trees&tree=Tr91777
ott641162	node ott343456 for https://tree.opentreeoflife.org/curator/study/view/ot_595/?tab=trees&tree=Tr53782
ott641162	node ott343456 for https://tree.opentreeoflife.org/curator/study/view/ot_631/?tab=trees&tree=tree1
ott641163	node ott641163 for https://tree.opentreeoflife.org/curator/study/view/ot_631/?tab=trees&tree=tree1
ott497013	node ott497013 for https://tree.opentreeoflife.org/curator/study/view/ot_594/?tab=trees&tree=tree1
ott536091	node ott634728 for https://tree.opentreeoflife.org/curator/study/view/ot_526/?tab=trees&tree=Tr91777
ott1018978	node ott1018978 for https://tree.opentreeoflife.org/curator/study/view/ot_594/?tab=trees&tree=tree1
ott139648	node ott139643 for https://tree.opentreeoflife.org/curator/study/view/ot_526/?tab=trees&tree=Tr91777
ott139648	node ott139643 for https://tree.opentreeoflife.org/curator/study/view/ot_627/?tab=trees&tree=tree1
ott1018972	node ott1018972 for https://tree.opentreeoflife.org/curator/study/view/ot_594/?tab=trees&tree=tree1
ott139643	node ott139643 for https://tree.opentreeoflife.org/curator/study/view/ot_526/?tab=trees&tree=Tr91777
ott139643	node ott139643 for https://tree.opentreeoflife.org/curator/study/view/ot_627/?tab=trees&tree=tree1
ott1018974	node ott1018972 for https://tree.opentreeoflife.org/curator/study/view/ot_594/?tab=trees&tree=tree1
ott926782	node ott926781 for https://tree.opentreeoflife.org/curator/study/view/ot_526/?tab=trees&tree=Tr91777
ott507216	node ott507216 for https://tree.opentreeoflife.org/curator/study/view/ot_526/?tab=trees&tree=Tr91777
ott444252	node ott475461 for https://tree.opentreeoflife.org/curator/study/view/ot_590/?tab=trees&tree=tree1
ott1083797	node ott507216 for https://tree.opentreeoflife.org/curator/study/view/ot_526/?tab=trees&tree=Tr91777
ott444259	node ott444259 for https://tree.opentreeoflife.org/curator/study/view/ot_590/?tab=trees&tree=tree1
ott181363	node ott181363 for https://tree.opentreeoflife.org/curator/study/view/ot_526/?tab=trees&tree=Tr91777
ott818737	node ott61484 for https://tree.opentreeoflife.org/curator/study/view/ot_631/?tab=trees&tree=tree1
ott216173	node ott334566 for https://tree.opentreeoflife.org/curator/study/view/ot_526/?tab=trees&tree=Tr91777
ott549971	node ott549971 for https://tree.opentreeoflife.org/curator/study/view/ot_633/?tab=trees&tree=tree2
ott549971	node ott549971 for https://tree.opentreeoflife.org/curator/study/view/ot_635/?tab=trees&tree=tree1
ott210197	node ott210174 for https://tree.opentreeoflife.org/curator/study/view/ot_526/?tab=trees&tree=Tr91777
ott76041	node ott582534 for https://tree.opentreeoflife.org/curator/study/view/ot_526/?tab=trees&tree=Tr91777
ott11372	node ott108984 for https://tree.opentreeoflife.org/curator/study/view/ot_633/?tab=trees&tree=tree2
ott538067	node ott538067 for https://tree.opentreeoflife.org/curator/study/view/ot_526/?tab=trees&tree=Tr91777
ott538067	node ott538067 for https://tree.opentreeoflife.org/curator/study/view/ot_631/?tab=trees&tree=tree1
ott3624075	node ott3624075 for https://tree.opentreeoflife.org/curator/study/view/ot_594/?tab=trees&tree=tree1
ott3624077	node ott3624077 for https://tree.opentreeoflife.org/curator/study/view/ot_594/?tab=trees&tree=tree1
ott3624076	node ott3624076 for https://tree.opentreeoflife.org/curator/study/view/ot_594/?tab=trees&tree=tree1
ott90485	node ott90485 for https://tree.opentreeoflife.org/curator/study/view/ot_633/?tab=trees&tree=tree2
ott671069	node ott671069 for https://tree.opentreeoflife.org/curator/study/view/ot_625/?tab=trees&tree=Tr53737
ott671069	node ott671069 for https://tree.opentreeoflife.org/curator/study/view/ot_631/?tab=trees&tree=tree1
ott277183	node ott277161 for https://tree.opentreeoflife.org/curator/study/view/ot_633/?tab=trees&tree=tree2
ott277183	node ott277161 for https://tree.opentreeoflife.org/curator/study/view/ot_635/?tab=trees&tree=tree1
ott1015003	node ott1015003 for https://tree.opentreeoflife.org/curator/study/view/ot_594/?tab=trees&tree=tree1
ott3623507	node ott3623507 for https://tree.opentreeoflife.org/curator/study/view/ot_591/?tab=trees&tree=Tr53870
ott3624247	node ott3624246 for https://tree.opentreeoflife.org/curator/study/view/ot_595/?tab=trees&tree=Tr53782
ott3624247	node ott3624246 for https://tree.opentreeoflife.org/curator/study/view/ot_631/?tab=trees&tree=tree1
ott3624208	node ott3624229 for https://tree.opentreeoflife.org/curator/study/view/ot_594/?tab=trees&tree=tree1
ott214957	node ott214957 for https://tree.opentreeoflife.org/curator/study/view/ot_633/?tab=trees&tree=tree2
ott214957	node ott214957 for https://tree.opentreeoflife.org/curator/study/view/ot_635/?tab=trees&tree=tree1
ott949994	node ott214957 for https://tree.opentreeoflife.org/curator/study/view/ot_633/?tab=trees&tree=tree2
ott949994	node ott214957 for https://tree.opentreeoflife.org/curator/study/view/ot_635/?tab=trees&tree=tree1
ott949997	node ott549971 for https://tree.opentreeoflife.org/curator/study/view/ot_633/?tab=trees&tree=tree2
ott949997	node ott549971 for https://tree.opentreeoflife.org/curator/study/view/ot_635/?tab=trees&tree=tree1
ott584045	node ott45408 for https://tree.opentreeoflife.org/curator/study/view/ot_526/?tab=trees&tree=Tr91777
ott1027813	node ott874761 for https://tree.opentreeoflife.org/curator/study/view/ot_526/?tab=trees&tree=Tr91777
ott3623575	node ott3623579 for https://tree.opentreeoflife.org/curator/study/view/ot_591/?tab=trees&tree=Tr53870
ott45425	node ott45425 for https://tree.opentreeoflife.org/curator/study/view/ot_526/?tab=trees&tree=Tr91777
ott518277	node ott518277 for https://tree.opentreeoflife.org/curator/study/view/ot_526/?tab=trees&tree=Tr91777
ott518277	node ott518277 for https://tree.opentreeoflife.org/curator/study/view/ot_589/?tab=trees&tree=tree1
ott215099	node ott215099 for https://tree.opentreeoflife.org/curator/study/view/ot_595/?tab=trees&tree=Tr53782
ott215099	node ott215099 for https://tree.opentreeoflife.org/curator/study/view/ot_631/?tab=trees&tree=tree1
ott215091	node ott215091 for https://tree.opentreeoflife.org/curator/study/view/ot_526/?tab=trees&tree=Tr91777
ott3623571	node ott3623570 for https://tree.opentreeoflife.org/curator/study/view/ot_591/?tab=trees&tree=Tr53870
ott215094	node ott215094 for https://tree.opentreeoflife.org/curator/study/view/ot_526/?tab=trees&tree=Tr91777
ott3624319	node ott3624319 for https://tree.opentreeoflife.org/curator/study/view/ot_594/?tab=trees&tree=tree1
ott976194	node ott976194 for https://tree.opentreeoflife.org/curator/study/view/ot_627/?tab=trees&tree=tree1
ott165963	node ott3623528 for https://tree.opentreeoflife.org/curator/study/view/ot_591/?tab=trees&tree=Tr53870
ott582534	node ott582534 for https://tree.opentreeoflife.org/curator/study/view/ot_526/?tab=trees&tree=Tr91777
ott582531	node ott582531 for https://tree.opentreeoflife.org/curator/study/view/ot_526/?tab=trees&tree=Tr91777
ott210174	node ott210174 for https://tree.opentreeoflife.org/curator/study/view/ot_526/?tab=trees&tree=Tr91777
ott3623579	node ott3623579 for https://tree.opentreeoflife.org/curator/study/view/ot_591/?tab=trees&tree=Tr53870
ott3624107	node ott3624107 for https://tree.opentreeoflife.org/curator/study/view/ot_594/?tab=trees&tree=tree1
ott101864	node ott101864 for https://tree.opentreeoflife.org/curator/study/view/ot_627/?tab=trees&tree=tree1
ott61502	node ott61502 for https://tree.opentreeoflife.org/curator/study/view/ot_526/?tab=trees&tree=Tr91777
ott536093	node ott467695 for https://tree.opentreeoflife.org/curator/study/view/ot_595/?tab=trees&tree=Tr53782
ott536093	node ott467695 for https://tree.opentreeoflife.org/curator/study/view/ot_631/?tab=trees&tree=tree1
ott61484	node ott61484 for https://tree.opentreeoflife.org/curator/study/view/ot_631/?tab=trees&tree=tree1
ott789499	node ott758735 for https://tree.opentreeoflife.org/curator/study/view/ot_526/?tab=trees&tree=Tr91777
ott61487	node ott61487 for https://tree.opentreeoflife.org/curator/study/view/ot_526/?tab=trees&tree=Tr91777
ott61488	node ott61488 for https://tree.opentreeoflife.org/curator/study/view/ot_526/?tab=trees&tree=Tr91777
ott90511	node ott90511 for https://tree.opentreeoflife.org/curator/study/view/ot_589/?tab=trees&tree=tree1
ott343450	node ott343448 for https://tree.opentreeoflife.org/curator/study/view/ot_631/?tab=trees&tree=tree1
ott343454	node ott343454 for https://tree.opentreeoflife.org/curator/study/view/ot_631/?tab=trees&tree=tree1
ott343456	node ott343456 for https://tree.opentreeoflife.org/curator/study/view/ot_526/?tab=trees&tree=Tr91777
ott343456	node ott343456 for https://tree.opentreeoflife.org/curator/study/view/ot_595/?tab=trees&tree=Tr53782
ott343456	node ott343456 for https://tree.opentreeoflife.org/curator/study/view/ot_631/?tab=trees&tree=tree1
ott903466	node ott903466 for https://tree.opentreeoflife.org/curator/study/view/ot_627/?tab=trees&tree=tree1
ott61478	node ott61478 for https://tree.opentreeoflife.org/curator/study/view/ot_526/?tab=trees&tree=Tr91777
ott343324	node ott343324 for https://tree.opentreeoflife.org/curator/study/view/ot_594/?tab=trees&tree=tree1
ott267124	node ott267124 for https://tree.opentreeoflife.org/curator/study/view/ot_526/?tab=trees&tree=Tr91777
ott61474	node ott61474 for https://tree.opentreeoflife.org/curator/study/view/ot_526/?tab=trees&tree=Tr91777
ott343452	node ott343452 for https://tree.opentreeoflife.org/curator/study/view/ot_631/?tab=trees&tree=tree1
ott782163	node ott782163 for https://tree.opentreeoflife.org/curator/study/view/ot_625/?tab=trees&tree=Tr53737
ott782163	node ott782163 for https://tree.opentreeoflife.org/curator/study/view/ot_631/?tab=trees&tree=tree1
ott693709	node ott693709 for https://tree.opentreeoflife.org/curator/study/view/ot_631/?tab=trees&tree=tree1
ott96813	node ott96813 for https://tree.opentreeoflife.org/curator/study/view/ot_631/?tab=trees&tree=tree1
ott96812	node ott96812 for https://tree.opentreeoflife.org/curator/study/view/ot_631/?tab=trees&tree=tree1
ott343933	node ott343933 for https://tree.opentreeoflife.org/curator/study/view/ot_627/?tab=trees&tree=tree1
ott923320	node ott605069 for https://tree.opentreeoflife.org/curator/study/view/ot_526/?tab=trees&tree=Tr91777
ott96818	node ott96818 for https://tree.opentreeoflife.org/curator/study/view/ot_631/?tab=trees&tree=tree1
ott5548748	node ott634728 for https://tree.opentreeoflife.org/curator/study/view/ot_526/?tab=trees&tree=Tr91777
ott537277	node ott343452 for https://tree.opentreeoflife.org/curator/study/view/ot_631/?tab=trees&tree=tree1
ott362803	node ott362803 for https://tree.opentreeoflife.org/curator/study/view/ot_627/?tab=trees&tree=tree1
ott1020726	node ott1020726 for https://tree.opentreeoflife.org/curator/study/view/ot_526/?tab=trees&tree=Tr91777
ott3623566	node ott3623566 for https://tree.opentreeoflife.org/curator/study/view/ot_591/?tab=trees&tree=Tr53870
ott3624328	node ott3624328 for https://tree.opentreeoflife.org/curator/study/view/ot_594/?tab=trees&tree=tree1
ott3623564	node ott3623564 for https://tree.opentreeoflife.org/curator/study/view/ot_591/?tab=trees&tree=Tr53870
ott3623565	node ott3623565 for https://tree.opentreeoflife.org/curator/study/view/ot_591/?tab=trees&tree=Tr53870
ott3624322	node ott3624322 for https://tree.opentreeoflife.org/curator/study/view/ot_594/?tab=trees&tree=tree1
ott3624324	node ott3624324 for https://tree.opentreeoflife.org/curator/study/view/ot_594/?tab=trees&tree=tree1
ott3623568	node ott3623568 for https://tree.opentreeoflife.org/curator/study/view/ot_591/?tab=trees&tree=Tr53870
ott3623569	node ott3623573 for https://tree.opentreeoflife.org/curator/study/view/ot_591/?tab=trees&tree=Tr53870
ott55618	node ott22071 for https://tree.opentreeoflife.org/curator/study/view/ot_633/?tab=trees&tree=tree2
ott55613	node ott55613 for https://tree.opentreeoflife.org/curator/study/view/ot_590/?tab=trees&tree=tree1
ott71453	node ott1074074 for https://tree.opentreeoflife.org/curator/study/view/ot_526/?tab=trees&tree=Tr91777
ott634728	node ott634728 for https://tree.opentreeoflife.org/curator/study/view/ot_526/?tab=trees&tree=Tr91777
ott4138564	node ott4138565 for https://tree.opentreeoflife.org/curator/study/view/ot_595/?tab=trees&tree=Tr53782
ott4138564	node ott4138565 for https://tree.opentreeoflife.org/curator/study/view/ot_631/?tab=trees&tree=tree1
ott4138565	node ott4138565 for https://tree.opentreeoflife.org/curator/study/view/ot_595/?tab=trees&tree=Tr53782
ott4138565	node ott4138565 for https://tree.opentreeoflife.org/curator/study/view/ot_631/?tab=trees&tree=tree1
ott759352	node ott759352 for https://tree.opentreeoflife.org/curator/study/view/ot_627/?tab=trees&tree=tree1
ott467693	node ott467693 for https://tree.opentreeoflife.org/curator/study/view/ot_594/?tab=trees&tree=tree1
ott467695	node ott467695 for https://tree.opentreeoflife.org/curator/study/view/ot_595/?tab=trees&tree=Tr53782
ott467695	node ott467695 for https://tree.opentreeoflife.org/curator/study/view/ot_631/?tab=trees&tree=tree1
ott957296	node ott1090792 for https://tree.opentreeoflife.org/curator/study/view/ot_526/?tab=trees&tree=Tr91777
ott957296	node ott3624107 for https://tree.opentreeoflife.org/curator/study/view/ot_594/?tab=trees&tree=tree1
ott719837	node ott719837 for https://tree.opentreeoflife.org/curator/study/view/ot_589/?tab=trees&tree=tree1
ott531348	node ott1057303 for https://tree.opentreeoflife.org/curator/study/view/ot_526/?tab=trees&tree=Tr91777
ott3623944	node ott3623944 for https://tree.opentreeoflife.org/curator/study/view/ot_575/?tab=trees&tree=tree3
ott3623947	node ott3623947 for https://tree.opentreeoflife.org/curator/study/view/ot_575/?tab=trees&tree=tree3
ott3623943	node ott3623943 for https://tree.opentreeoflife.org/curator/study/view/ot_575/?tab=trees&tree=tree3
ott3623948	node ott3623948 for https://tree.opentreeoflife.org/curator/study/view/ot_575/?tab=trees&tree=tree3
ott3623949	node ott3623949 for https://tree.opentreeoflife.org/curator/study/view/ot_575/?tab=trees&tree=tree3
ott926781	node ott926781 for https://tree.opentreeoflife.org/curator/study/view/ot_526/?tab=trees&tree=Tr91777
ott804549	node ott804549 for https://tree.opentreeoflife.org/curator/study/view/ot_625/?tab=trees&tree=Tr53737
ott804549	node ott804549 for https://tree.opentreeoflife.org/curator/study/view/ot_631/?tab=trees&tree=tree1
ott362799	node ott362799 for https://tree.opentreeoflife.org/curator/study/view/ot_627/?tab=trees&tree=tree1
ott203406	node ott582523 for https://tree.opentreeoflife.org/curator/study/view/ot_526/?tab=trees&tree=Tr91777
ott203406	node ott582523 for https://tree.opentreeoflife.org/curator/study/view/ot_590/?tab=trees&tree=tree1
ott3623498	node ott3623498 for https://tree.opentreeoflife.org/curator/study/view/ot_591/?tab=trees&tree=Tr53870
ott3623498	node ott3623498 for https://tree.opentreeoflife.org/curator/study/view/ot_589/?tab=trees&tree=tree1
ott3623499	node ott3623499 for https://tree.opentreeoflife.org/curator/study/view/ot_589/?tab=trees&tree=tree1
ott3623497	node ott3623497 for https://tree.opentreeoflife.org/curator/study/view/ot_589/?tab=trees&tree=tree1
ott3623494	node ott3623494 for https://tree.opentreeoflife.org/curator/study/view/ot_589/?tab=trees&tree=tree1
ott3623492	node ott3623492 for https://tree.opentreeoflife.org/curator/study/view/ot_589/?tab=trees&tree=tree1
ott3623493	node ott3623493 for https://tree.opentreeoflife.org/curator/study/view/ot_591/?tab=trees&tree=Tr53870
ott3622479	node ott3622479 for https://tree.opentreeoflife.org/curator/study/view/ot_575/?tab=trees&tree=tree3
ott334566	node ott334566 for https://tree.opentreeoflife.org/curator/study/view/ot_526/?tab=trees&tree=Tr91777
ott892415	node ott267805 for https://tree.opentreeoflife.org/curator/study/view/ot_526/?tab=trees&tree=Tr91777
ott868518	node ott868518 for https://tree.opentreeoflife.org/curator/study/view/ot_591/?tab=trees&tree=Tr53870
ott87876	node ott261881 for https://tree.opentreeoflife.org/curator/study/view/ot_526/?tab=trees&tree=Tr91777
ott3624282	node ott3624282 for https://tree.opentreeoflife.org/curator/study/view/ot_594/?tab=trees&tree=tree1
ott3624283	node ott3624283 for https://tree.opentreeoflife.org/curator/study/view/ot_594/?tab=trees&tree=tree1
ott3624280	node ott3624280 for https://tree.opentreeoflife.org/curator/study/view/ot_575/?tab=trees&tree=tree3
ott3624284	node ott3624284 for https://tree.opentreeoflife.org/curator/study/view/ot_594/?tab=trees&tree=tree1
ott3623570	node ott3623570 for https://tree.opentreeoflife.org/curator/study/view/ot_591/?tab=trees&tree=Tr53870
ott3624288	node ott3624289 for https://tree.opentreeoflife.org/curator/study/view/ot_594/?tab=trees&tree=tree1
ott3624289	node ott3624289 for https://tree.opentreeoflife.org/curator/study/view/ot_594/?tab=trees&tree=tree1
ott108984	node ott108984 for https://tree.opentreeoflife.org/curator/study/view/ot_633/?tab=trees&tree=tree2
ott5775628	node ott267124 for https://tree.opentreeoflife.org/curator/study/view/ot_526/?tab=trees&tree=Tr91777
ott108983	node ott108984 for https://tree.opentreeoflife.org/curator/study/view/ot_633/?tab=trees&tree=tree2
ott566361	node ott566361 for https://tree.opentreeoflife.org/curator/study/view/ot_625/?tab=trees&tree=Tr53737
ott566361	node ott566361 for https://tree.opentreeoflife.org/curator/study/view/ot_631/?tab=trees&tree=tree1
ott671058	node ott582524 for https://tree.opentreeoflife.org/curator/study/view/ot_526/?tab=trees&tree=Tr91777
ott671058	node ott582524 for https://tree.opentreeoflife.org/curator/study/view/ot_590/?tab=trees&tree=tree1
ott23779	node ott544761 for https://tree.opentreeoflife.org/curator/study/view/ot_590/?tab=trees&tree=tree1
ott23770	node ott23770 for https://tree.opentreeoflife.org/curator/study/view/ot_526/?tab=trees&tree=Tr91777
ott787741	node ott61502 for https://tree.opentreeoflife.org/curator/study/view/ot_526/?tab=trees&tree=Tr91777
ott343941	node ott343941 for https://tree.opentreeoflife.org/curator/study/view/ot_627/?tab=trees&tree=tree1
ott783846	node ott783846 for https://tree.opentreeoflife.org/curator/study/view/ot_590/?tab=trees&tree=tree1
ott9875	node ott9875 for https://tree.opentreeoflife.org/curator/study/view/ot_526/?tab=trees&tree=Tr91777
ott3624219	node ott3624264 for https://tree.opentreeoflife.org/curator/study/view/ot_594/?tab=trees&tree=tree1
ott671080	node ott671080 for https://tree.opentreeoflife.org/curator/study/view/ot_625/?tab=trees&tree=Tr53737
ott671080	node ott671080 for https://tree.opentreeoflife.org/curator/study/view/ot_631/?tab=trees&tree=tree1
ott502078	node ott502078 for https://tree.opentreeoflife.org/curator/study/view/ot_526/?tab=trees&tree=Tr91777
ott502078	node ott502078 for https://tree.opentreeoflife.org/curator/study/view/ot_594/?tab=trees&tree=tree1
ott3624211	node ott3624210 for https://tree.opentreeoflife.org/curator/study/view/ot_595/?tab=trees&tree=Tr53782
ott3624211	node ott3624210 for https://tree.opentreeoflife.org/curator/study/view/ot_631/?tab=trees&tree=tree1
ott3624210	node ott3624210 for https://tree.opentreeoflife.org/curator/study/view/ot_595/?tab=trees&tree=Tr53782
ott3624210	node ott3624210 for https://tree.opentreeoflife.org/curator/study/view/ot_631/?tab=trees&tree=tree1
ott3624213	node ott3624213 for https://tree.opentreeoflife.org/curator/study/view/ot_575/?tab=trees&tree=tree3
ott3623532	node ott3623532 for https://tree.opentreeoflife.org/curator/study/view/ot_591/?tab=trees&tree=Tr53870
ott3623960	node ott3623960 for https://tree.opentreeoflife.org/curator/study/view/ot_575/?tab=trees&tree=tree3
ott3624217	node ott3624217 for https://tree.opentreeoflife.org/curator/study/view/ot_594/?tab=trees&tree=tree1
ott3624216	node ott3624217 for https://tree.opentreeoflife.org/curator/study/view/ot_594/?tab=trees&tree=tree1
ott421562	node ott421562 for https://tree.opentreeoflife.org/curator/study/view/ot_631/?tab=trees&tree=tree1
ott517142	node ott532334 for https://tree.opentreeoflife.org/curator/study/view/ot_591/?tab=trees&tree=Tr53870
ott87884	node ott634728 for https://tree.opentreeoflife.org/curator/study/view/ot_526/?tab=trees&tree=Tr91777
ott791200	node ott868518 for https://tree.opentreeoflife.org/curator/study/view/ot_591/?tab=trees&tree=Tr53870
ott267803	node ott267803 for https://tree.opentreeoflife.org/curator/study/view/ot_526/?tab=trees&tree=Tr91777
ott267805	node ott267805 for https://tree.opentreeoflife.org/curator/study/view/ot_526/?tab=trees&tree=Tr91777
ott267804	node ott267803 for https://tree.opentreeoflife.org/curator/study/view/ot_526/?tab=trees&tree=Tr91777
ott605069	node ott605069 for https://tree.opentreeoflife.org/curator/study/view/ot_526/?tab=trees&tree=Tr91777
ott740541	node ott3623540 for https://tree.opentreeoflife.org/curator/study/view/ot_591/?tab=trees&tree=Tr53870
ott107857	node ott107857 for https://tree.opentreeoflife.org/curator/study/view/ot_526/?tab=trees&tree=Tr91777
ott582523	node ott582523 for https://tree.opentreeoflife.org/curator/study/view/ot_526/?tab=trees&tree=Tr91777
ott582523	node ott582523 for https://tree.opentreeoflife.org/curator/study/view/ot_590/?tab=trees&tree=tree1
ott582524	node ott582524 for https://tree.opentreeoflife.org/curator/study/view/ot_526/?tab=trees&tree=Tr91777
ott582524	node ott582524 for https://tree.opentreeoflife.org/curator/study/view/ot_590/?tab=trees&tree=tree1
ott536084	node ott536084 for https://tree.opentreeoflife.org/curator/study/view/ot_633/?tab=trees&tree=tree2
ott536084	node ott536084 for https://tree.opentreeoflife.org/curator/study/view/ot_635/?tab=trees&tree=tree1
ott9881	node ott9881 for https://tree.opentreeoflife.org/curator/study/view/ot_526/?tab=trees&tree=Tr91777
ott9880	node ott9890 for https://tree.opentreeoflife.org/curator/study/view/ot_526/?tab=trees&tree=Tr91777
ott9887	node ott9887 for https://tree.opentreeoflife.org/curator/study/view/ot_526/?tab=trees&tree=Tr91777
ott9886	node ott9875 for https://tree.opentreeoflife.org/curator/study/view/ot_526/?tab=trees&tree=Tr91777
ott3624246	node ott3624246 for https://tree.opentreeoflife.org/curator/study/view/ot_595/?tab=trees&tree=Tr53782
ott3624246	node ott3624246 for https://tree.opentreeoflife.org/curator/study/view/ot_631/?tab=trees&tree=tree1
ott1057299	node ott1057299 for https://tree.opentreeoflife.org/curator/study/view/ot_526/?tab=trees&tree=Tr91777
ott3623567	node ott3623568 for https://tree.opentreeoflife.org/curator/study/view/ot_591/?tab=trees&tree=Tr53870
ott544761	node ott544761 for https://tree.opentreeoflife.org/curator/study/view/ot_590/?tab=trees&tree=tree1
ott3623999	node ott3623999 for https://tree.opentreeoflife.org/curator/study/view/ot_627/?tab=trees&tree=tree1
ott904307	node ott904307 for https://tree.opentreeoflife.org/curator/study/view/ot_625/?tab=trees&tree=Tr53737
ott904307	node ott904307 for https://tree.opentreeoflife.org/curator/study/view/ot_631/?tab=trees&tree=tree1
ott230539	node ott61488 for https://tree.opentreeoflife.org/curator/study/view/ot_526/?tab=trees&tree=Tr91777
ott256922	node ott421562 for https://tree.opentreeoflife.org/curator/study/view/ot_631/?tab=trees&tree=tree1
ott1071074	node ott935993 for https://tree.opentreeoflife.org/curator/study/view/ot_526/?tab=trees&tree=Tr91777
ott90501	node ott90485 for https://tree.opentreeoflife.org/curator/study/view/ot_633/?tab=trees&tree=tree2
ott791207	node ott791207 for https://tree.opentreeoflife.org/curator/study/view/ot_526/?tab=trees&tree=Tr91777
ott791207	node ott791207 for https://tree.opentreeoflife.org/curator/study/view/ot_591/?tab=trees&tree=Tr53870
ott61491	node ott61491 for https://tree.opentreeoflife.org/curator/study/view/ot_526/?tab=trees&tree=Tr91777
ott61490	node ott61491 for https://tree.opentreeoflife.org/curator/study/view/ot_526/?tab=trees&tree=Tr91777
ott3624009	node ott3624008 for https://tree.opentreeoflife.org/curator/study/view/ot_627/?tab=trees&tree=tree1
ott839747	node ott3623541 for https://tree.opentreeoflife.org/curator/study/view/ot_591/?tab=trees&tree=Tr53870
ott3624000	node ott3624000 for https://tree.opentreeoflife.org/curator/study/view/ot_627/?tab=trees&tree=tree1
ott3624002	node ott3624002 for https://tree.opentreeoflife.org/curator/study/view/ot_627/?tab=trees&tree=tree1
ott3624005	node ott3624005 for https://tree.opentreeoflife.org/curator/study/view/ot_627/?tab=trees&tree=tree1
ott3624006	node ott3624005 for https://tree.opentreeoflife.org/curator/study/view/ot_627/?tab=trees&tree=tree1
ott122073	node ott122073 for https://tree.opentreeoflife.org/curator/study/view/ot_633/?tab=trees&tree=tree2
ott122073	node ott122073 for https://tree.opentreeoflife.org/curator/study/view/ot_635/?tab=trees&tree=tree1
ott701523	node ott701523 for https://tree.opentreeoflife.org/curator/study/view/ot_526/?tab=trees&tree=Tr91777
ott701523	node ott701523 for https://tree.opentreeoflife.org/curator/study/view/ot_627/?tab=trees&tree=tree1
ott87895	node ott284531 for https://tree.opentreeoflife.org/curator/study/view/ot_526/?tab=trees&tree=Tr91777
ott758735	node ott758735 for https://tree.opentreeoflife.org/curator/study/view/ot_526/?tab=trees&tree=Tr91777
ott693710	node ott693709 for https://tree.opentreeoflife.org/curator/study/view/ot_631/?tab=trees&tree=tree1
ott373905	node ott108974 for https://tree.opentreeoflife.org/curator/study/view/ot_633/?tab=trees&tree=tree2
ott373905	node ott108974 for https://tree.opentreeoflife.org/curator/study/view/ot_635/?tab=trees&tree=tree1
ott693714	node ott693721 for https://tree.opentreeoflife.org/curator/study/view/ot_631/?tab=trees&tree=tree1
ott609240	node ott267124 for https://tree.opentreeoflife.org/curator/study/view/ot_526/?tab=trees&tree=Tr91777
ott820640	node ott783829 for https://tree.opentreeoflife.org/curator/study/view/ot_633/?tab=trees&tree=tree2
ott820640	node ott783829 for https://tree.opentreeoflife.org/curator/study/view/ot_635/?tab=trees&tree=tree1
ott3624255	node ott3624255 for https://tree.opentreeoflife.org/curator/study/view/ot_575/?tab=trees&tree=tree3
ott3624254	node ott3624254 for https://tree.opentreeoflife.org/curator/study/view/ot_575/?tab=trees&tree=tree3
ott210230	node ott9881 for https://tree.opentreeoflife.org/curator/study/view/ot_526/?tab=trees&tree=Tr91777
ott3624318	node ott3624319 for https://tree.opentreeoflife.org/curator/study/view/ot_594/?tab=trees&tree=tree1
ott896075	node ott896075 for https://tree.opentreeoflife.org/curator/study/view/ot_526/?tab=trees&tree=Tr91777
ott3623573	node ott3623573 for https://tree.opentreeoflife.org/curator/study/view/ot_591/?tab=trees&tree=Tr53870
ott3623474	node ott3623474 for https://tree.opentreeoflife.org/curator/study/view/ot_589/?tab=trees&tree=tree1
ott3623475	node ott3623475 for https://tree.opentreeoflife.org/curator/study/view/ot_589/?tab=trees&tree=tree1
ott3623477	node ott3623477 for https://tree.opentreeoflife.org/curator/study/view/ot_589/?tab=trees&tree=tree1
ott3624310	node ott3624310 for https://tree.opentreeoflife.org/curator/study/view/ot_594/?tab=trees&tree=tree1
ott3623471	node ott3623471 for https://tree.opentreeoflife.org/curator/study/view/ot_625/?tab=trees&tree=Tr53737
ott3623471	node ott3623471 for https://tree.opentreeoflife.org/curator/study/view/ot_631/?tab=trees&tree=tree1
ott3623472	node ott3623472 for https://tree.opentreeoflife.org/curator/study/view/ot_589/?tab=trees&tree=tree1
ott1070414	node ott1070414 for https://tree.opentreeoflife.org/curator/study/view/ot_627/?tab=trees&tree=tree1
ott1014989	node ott1014995 for https://tree.opentreeoflife.org/curator/study/view/ot_627/?tab=trees&tree=tree1
ott1070418	node ott1070418 for https://tree.opentreeoflife.org/curator/study/view/ot_627/?tab=trees&tree=tree1
ott874765	node ott874760 for https://tree.opentreeoflife.org/curator/study/view/ot_526/?tab=trees&tree=Tr91777
ott874760	node ott874760 for https://tree.opentreeoflife.org/curator/study/view/ot_526/?tab=trees&tree=Tr91777
ott874761	node ott874761 for https://tree.opentreeoflife.org/curator/study/view/ot_526/?tab=trees&tree=Tr91777
ott502096	node ott502078 for https://tree.opentreeoflife.org/curator/study/view/ot_526/?tab=trees&tree=Tr91777
ott502096	node ott502078 for https://tree.opentreeoflife.org/curator/study/view/ot_594/?tab=trees&tree=tree1
ott56582	node ott56579 for https://tree.opentreeoflife.org/curator/study/view/ot_526/?tab=trees&tree=Tr91777
ott216717	node ott216717 for https://tree.opentreeoflife.org/curator/study/view/ot_526/?tab=trees&tree=Tr91777
ott216716	node ott216717 for https://tree.opentreeoflife.org/curator/study/view/ot_526/?tab=trees&tree=Tr91777
ott918537	node ott918537 for https://tree.opentreeoflife.org/curator/study/view/ot_631/?tab=trees&tree=tree1
ott3624008	node ott3624008 for https://tree.opentreeoflife.org/curator/study/view/ot_627/?tab=trees&tree=tree1
ott759346	node ott759346 for https://tree.opentreeoflife.org/curator/study/view/ot_627/?tab=trees&tree=tree1
ott516685	node ott516685 for https://tree.opentreeoflife.org/curator/study/view/ot_625/?tab=trees&tree=Tr53737
ott516685	node ott516685 for https://tree.opentreeoflife.org/curator/study/view/ot_631/?tab=trees&tree=tree1
ott549967	node ott549967 for https://tree.opentreeoflife.org/curator/study/view/ot_633/?tab=trees&tree=tree2
ott549967	node ott549967 for https://tree.opentreeoflife.org/curator/study/view/ot_635/?tab=trees&tree=tree1
ott3623959	node ott3623959 for https://tree.opentreeoflife.org/curator/study/view/ot_575/?tab=trees&tree=tree3
ott804481	node ott804481 for https://tree.opentreeoflife.org/curator/study/view/ot_526/?tab=trees&tree=Tr91777
ott804481	node ott804481 for https://tree.opentreeoflife.org/curator/study/view/ot_627/?tab=trees&tree=tree1
ott3623952	node ott3623952 for https://tree.opentreeoflife.org/curator/study/view/ot_575/?tab=trees&tree=tree3
ott3623957	node ott3623957 for https://tree.opentreeoflife.org/curator/study/view/ot_575/?tab=trees&tree=tree3
ott3623956	node ott3623956 for https://tree.opentreeoflife.org/curator/study/view/ot_575/?tab=trees&tree=tree3
ott3623955	node ott3623955 for https://tree.opentreeoflife.org/curator/study/view/ot_575/?tab=trees&tree=tree3
ott3623954	node ott3623954 for https://tree.opentreeoflife.org/curator/study/view/ot_575/?tab=trees&tree=tree3
ott621604	node ott621604 for https://tree.opentreeoflife.org/curator/study/view/ot_526/?tab=trees&tree=Tr91777
ott621604	node ott621604 for https://tree.opentreeoflife.org/curator/study/view/ot_627/?tab=trees&tree=tree1
ott203414	node ott261881 for https://tree.opentreeoflife.org/curator/study/view/ot_526/?tab=trees&tree=Tr91777
ott203415	node ott261881 for https://tree.opentreeoflife.org/curator/study/view/ot_526/?tab=trees&tree=Tr91777
